0.7957, 0.7216, -0.3986, -0.3694
0.7343, 0.1277, 0.6827, 0.8952
0.7181, 0.677, 0.4546, 0.5334
0.652, 0.5717, 0.5743, 0.4944
0.8326, -0.0049, -0.9742, 0.8257
-0.3985, 0.7349, 0.5249, -0.9671
0.8897, -0.4069, -0.7078, 0.3768
0.618, -0.2407, 0.1273, 0.7269
0.4468, 0.6489, -0.4663, 0.3367
-0.125, -0.403, -0.8481, 0.1174
-0.8337, -0.9105, -0.7061, 0.8886
-0.8208, 0.8377, 0.1819, 0.7182
0.8168, 0.5526, -0.0961, -0.2239
0.8754, 0.7493, 0.9459, -0.9745
0.0442, 0.8228, -0.6727, -0.0407
0.0653, 0.9305, 0.7433, 0.2328
-0.0132, 0.577, 0.0629, 0.7847
-0.423, -0.8706, -0.7714, 0.3415
0.8398, 0.2594, -0.0746, 0.3274
0.6968, -0.1423, 0.7566, 0.8112
-0.7496, 0.7014, -0.9891, -0.8137
-0.6972, -0.0686, 0.969, -0.9237
-0.1499, 0.0107, -0.9338, 0.3251
0.1036, 0.1443, 0.151, -0.9161
0.3609, -0.9757, -0.7379, 0.5053
-0.4985, -0.2442, -0.1184, -0.5132
-0.0492, 0.7708, -0.6396, -0.0229
-0.2726, -0.9178, -0.3558, 0.0183
0.3266, -0.1345, 0.8411, 0.5309
-0.9606, -0.5965, 0.6112, 0.6981
-0.8669, 0.0086, 0.2886, 0.5637
-0.8162, 0.8865, -0.2951, 0.8262
0.6489, 0.7403, -0.2607, 0.176
0.9758, -0.7457, 0.6393, -0.2608
0.3942, -0.8007, 0.6947, 0.5386
-0.837, -0.0197, 0.2541, 0.2722
-0.6306, 0.662, -0.5214, 0.2978
-0.4416, -0.0056, -0.2744, -0.7362
0.7904, 0.8109, -0.5762, -0.0682
0.8559, 0.4742, -0.0744, -0.364
0.6701, -0.6975, -0.5329, -0.7971
0.6721, 0.3618, -0.1342, -0.1507
-0.9018, -0.7599, 0.206, 0.7087
0.8622, -0.2739, 0.3496, -0.9827
-0.1559, 0.7314, -0.1531, -0.0839
0.1265, -0.0703, 0.1883, -0.6969
-0.2899, -0.1623, 0.9307, 0.6272
-0.5577, 0.3798, 0.1647, 0.963
0.3378, -0.6738, -0.5102, 0.6301
0.6855, -0.0045, -0.3602, 0.2362
-0.837, -0.0197, 0.1273, 0.7269
0.618, -0.2407, 0.2541, 0.2722
0.7181, 0.677, -0.2607, 0.176
0.6489, 0.7403, 0.4546, 0.12445586330580916
0.8398, 0.2594, -0.7061, 0.8886
-0.8337, -0.9105, -0.0746, 0.3274
0.618, -0.2407, 0.1273, 0.7269
0.8754, 0.7493, 0.9459, -0.9745
0.618, -0.2407, 0.1273, 0.7269
0.618, -0.2407, 0.1273, 0.7269
0.652, -0.1423, 0.7566, 0.8112
0.6968, 0.5717, 0.5743, 0.4944
0.2071651039753093, 0.7403, 0.6112, 0.6981
-0.9606, -0.5965, 0.2181388537040268, 0.176
0.9776034459690245, 0.29618071566102944, -0.17723344012525022, 0.3274
0.8398, 0.009018055569940342, 0.7566, 0.8112
0.8754, 0.7493, 0.9459, -0.9745
0.8754, 0.520989477831299, 0.9459, -0.9745
-0.9018, -0.7599, 0.206, 0.7087
0.8398, 0.6345694233891133, -0.0746, 0.3274
-0.9606, -0.5965, 0.6112, 0.6981
0.652, 0.5717, 0.5743, 0.4944
0.8326, -0.0049, 0.5339283858260964, 0.8952
0.7343, 0.1277, -0.9742, 0.8257
0.7181, 0.677, 0.8411, 0.5309
0.3266, 0.06346794016418839, 0.4546, 0.5334
0.8398, 0.2594, -0.0746, 0.3274
0.1036, 0.1443, 0.151, -0.9161
0.7181, -0.0703, 0.1883, -0.6969
0.1265, 0.677, 0.7890616767657067, 0.5334
0.3459749446012628, 0.7403, -0.2607, 0.176
0.7161364609271349, -0.0703, 0.1883, -0.6969
-0.837, -0.0197, 0.3586416100732306, 0.2722
-0.837, -0.0197, 0.2541, 0.2722
0.1036, 0.1443, 0.206, 0.7087
-1.0, -0.7599, 0.151, -0.9161
-0.5887356190159728, 0.9305, 0.7433, 0.4979715013240338
0.0653, -0.7599, 0.206, 0.7087
-0.9018, -0.7599, 0.206, 0.7087
-0.9018, -0.7599, 0.206, 0.7087
0.7904, -0.4107670729344246, 0.9307, 0.6272
-0.2899, 0.8109, -0.3244787744966585, -0.0682
0.3266, -0.1345, -0.05446530497313393, 0.7269
0.8311434920199533, -0.2407, 0.8411, 0.5309
0.618, -0.20162164771206856, -0.0746, 0.3274
0.8398, 0.2594, 0.1273, 0.7269
-0.9460088848119012, -0.0197, 0.6827, 0.8952
0.7666196073088948, 0.4935174718190197, -0.008590189964379658, 0.2722
0.7181, 0.677, 0.4546, 0.5334
0.1036, 0.1443, 0.151, -0.9161
0.8326, -0.0049, 0.151, -1.0
-1.0, -0.7599, 0.5339283858260964, 0.8952
0.2939896719006806, 0.677, 0.5921636329955714, 0.5334
0.7181, 0.677, 0.8411, 0.5309
0.8398, 0.7493, 0.8147981589192954, -0.9745
0.51308346934225, 0.2594, 0.1273, 0.7269
0.652, -0.4107670729344246, 0.9307, 0.6272
0.7904, -0.1423, 0.5980321074277285, 0.8112
0.7181, 0.677, 0.9307, 0.6272
0.7904, -0.031464903827657875, -0.4428882274218742, 0.34046927052676973
0.8326, -0.5965, 0.6112, 0.6981
-0.6505955288268179, -0.4749484507939059, 0.5339283858260964, 0.8952
0.652, -0.11872293168998285, 0.7566, 0.8112
-0.837, -0.0197, 0.3586416100732306, 0.2722
0.8398, -0.10214946154061613, 0.7566, 0.8112
0.652, 0.2594, 0.1273, 0.7269
0.7904, -0.4107670729344246, 0.7566, 0.8112
0.652, -0.1423, 0.9307, 0.6272
0.1265, 0.677, 0.5743, 0.4944
0.6968, 0.5717, 0.7890616767657067, 0.5334
0.652, 0.5717, 0.5743, 0.4944
0.652, 0.5717, 0.5743, 0.4944
0.8398, -0.7599, 0.206, 0.7087
0.0653, 0.6345694233891133, -0.0746, 0.3274
0.6968, 0.5717, 0.5743, 0.4944
0.6968, 0.5717, 0.37409376606714073, 0.4944
-1.0, -0.7599, 0.6112, 0.6981
0.2071651039753093, 0.8163118694291389, 0.151, -0.9161
0.7181, 0.009018055569940342, 0.5149436406293095, 0.8112
0.8398, 0.677, -0.017034076748421834, 0.5334
0.7181, -0.0049, 0.5339283858260964, 0.8952
0.8326, 0.6573024932377578, 0.4546, 0.5334
0.7181, 0.677, -0.2607, 0.176
-1.0, -0.7599, 0.151, -0.9161
0.7904, -0.4107670729344246, 0.002963017452547595, 0.7087
-1.0, -0.2780342079896164, 0.9307, 0.6272
-1.0, -0.0049, 0.5339283858260964, 0.8952
0.8326, -0.7599, 0.151, -0.9161
0.1265, 0.7830592143896447, 0.4546, 0.5334
0.7181, 0.677, 0.7890616767657067, 0.5334
0.7181, 0.9305, 0.533322744161138, 0.4979715013240338
-0.5887356190159728, 0.677, -0.2607, 0.44210809380800714
0.8398, -0.41756928567869106, 0.25670409861447274, 0.12445586330580916
0.6489, 0.7403, 0.7566, 0.8112
0.7181, 0.581536105954661, -0.2607, 0.176
0.7181, 1.0, 0.4546, 0.5334
-0.9606, -0.6764473579250928, 0.7890616767657067, 0.16184323776536857
0.1265, 0.677, 0.6112, 0.6981
0.7181, 0.9153810926546022, 0.7433, 0.11488842848592795
-0.5887356190159728, 0.677, -0.2607, 0.176
-0.5887356190159728, 0.677, 0.4546, 0.6167666167829715
0.7181, 1.0, -0.2607, 0.176
0.8398, 0.7830592143896447, 0.4546, 0.5334
0.1265, 0.677, -0.017034076748421834, 0.5334
0.7181, 0.9153810926546022, 0.9273468851193246, 0.6272
0.7181, 0.7183064746632233, 0.38630559054357794, 0.11488842848592795
-0.5887356190159728, 0.677, 0.7890616767657067, 0.5334
0.6968, 0.5717, -0.2607, 0.176
0.652, -0.1423, 0.9307, 0.44254597783631444
0.6902545182702761, 0.2594, 0.1273, 0.7269
0.2071651039753093, 0.677, 0.6112, 0.6981
-0.2857871200241578, 0.8163118694291389, 0.151, -0.9161
0.8845367513671525, 0.8432703516207917, 0.5119458049408252, 0.5334
0.7181, 0.677, 0.9307, 0.6272
0.7181, 0.5717, 0.5743, 0.4944
0.6968, 0.9305, 0.533322744161138, 0.4979715013240338
0.22020627752807864, 0.677, -0.31492937711341346, 0.176
0.652, 0.5717, 0.5743, 0.4944
0.1265, 0.677, 1.0, 0.6272
1.0, 0.677, 0.6112, 0.6981
0.7181, 0.9153810926546022, 0.7433, 0.11488842848592795
0.7181, 0.9305, 0.8982294086646703, 0.4979715013240338
0.7181, 1.0, 0.3586416100732306, 0.2722
-0.837, 0.3249813458427881, -0.00148315776599095, 0.7684461906513499
0.1265, 0.7403, 0.7566, 0.8112
1.0, 0.25325501824542307, 0.6112, 0.6981
0.1265, 0.4059062260200693, 0.4546, 0.5334
0.7181, 0.677, 0.8411, 0.5309
0.652, 0.5073988056146745, 0.9307, 0.6272
0.7181, 0.5717, 0.5743, 0.4944
0.6968, 0.5717, 0.8411, 0.5309
0.7181, 0.677, 0.5743, 0.4944
0.8326, -0.5965, 0.5921636329955714, 0.5334
0.2939896719006806, 0.677, 0.6112, 0.6981
0.6968, 0.5717, 0.7890616767657067, 0.5334
0.7181, 0.677, 0.5743, 0.4944
0.6489, 0.5717, 0.5743, 0.4944
0.652, 0.7403, 0.7566, 0.8112
0.2071651039753093, 0.8163118694291389, 0.151, -0.9161
0.7181, 0.9305, 0.6104526586624204, 0.4979715013240338
0.7181, 0.9305, 0.4546, 0.5334
0.7181, 0.5150909638626271, 0.533322744161138, 0.4979715013240338
0.8398, 0.5717, 0.49718438541897947, 0.4944
0.6968, 0.677, -0.34964064897046565, 0.5334
-1.0, 0.677, 0.8411, 0.5309
0.7181, -0.6902900178301458, 0.9307, 0.6272
0.1265, 0.677, 0.6112, 0.6981
0.7181, 0.677, 0.9307, 0.6272
0.7181, 0.677, 0.807916705198097, 0.4979715013240338
0.4898147587282904, 0.7734983525664598, 0.7890616767657067, 0.5334
0.7181, 0.677, 0.4546, 0.6167666167829715
-0.5887356190159728, 0.677, 0.5743, 0.4944
0.5806019145132382, 0.9305, 0.38630559054357794, 0.11488842848592795
0.7181, 0.7183064746632233, 0.8982294086646703, 0.4979715013240338
0.8398, 0.9305, 0.8982294086646703, 0.4979715013240338
0.7181, 0.7830592143896447, 0.4546, 0.5334
0.8969616640516008, 0.677, -0.34964064897046565, 0.5334
0.652, 1.0, 0.5347185292226928, 0.8112
0.6968, 0.677, -0.34964064897046565, 0.5334
0.1265, 0.7403, 0.7566, 0.8112
0.7181, 0.677, 0.807916705198097, 0.4979715013240338
0.7181, 1.0, -0.2607, 0.176
0.8326, 1.0, -0.2607, 0.12166871657494943
1.0, -0.115753684928533, 0.5921636329955714, 0.5334
0.1265, 0.677, -0.19507473717692503, 0.5334
0.1265, 0.7403, 0.7682874935587125, 0.8112
0.9158570846736956, 0.45362644096181637, 0.38630559054357794, 0.11488842848592795
0.7181, 0.7183064746632233, 0.5119458049408252, 0.5334
0.5246872209102503, 0.9153810926546022, 0.9273468851193246, 0.6272
0.8398, 0.7830592143896447, 0.4546, 0.5334
0.7181, 1.0, 0.7433, 0.28624706785606
0.6088324583028484, 1.0, -0.5914326422862259, 0.24588934381273947
0.6968, 0.677, -0.34964064897046565, 0.5334
0.7181, 0.5717, 0.5743, 0.4944
0.9858096506760187, 0.7183064746632233, 0.38630559054357794, 0.11488842848592795
0.7181, 0.8021197157146784, -0.6045485971257019, 0.176
0.6489, 0.5717, 0.13623579161875765, 0.5334
0.42943858927897516, 0.677, 0.5743, 0.4944
0.7181, 1.0, 0.3586416100732306, 0.2722
0.7181, 0.5717, 0.5743, 0.4944
0.2071651039753093, 0.9153810926546022, 0.7433, 0.11488842848592795
0.7181, 0.8163118694291389, 0.151, -0.9161
0.7181, 1.0, 0.5921636329955714, 0.5334
0.8326, -0.5965, -0.2607, -0.013814615092035576
0.7181, 0.7445917691005146, 0.7566, 1.0
0.1265, 0.5717, 0.5743, 0.4944
0.7181, 0.677, 0.4546, 0.5334
0.1265, 0.4059062260200693, 0.807916705198097, 0.4979715013240338
0.7181, 1.0, -0.34964064897046565, 0.5334
0.6968, 0.677, -0.2607, 0.234484302119005
0.6489, 0.5717, -0.2005593793536568, 0.176
0.7181, 1.0, 0.5743, 0.4944
0.7181, 0.9153810926546022, 0.7433, 0.11488842848592795
0.7181, 0.9153810926546022, 0.7433, 0.44659846304332806
0.2071651039753093, 0.8163118694291389, 0.151, -0.9161
0.2071651039753093, 0.8163118694291389, 0.5161137192803237, -0.5673196207430302
1.0, 1.0, -0.07814121662761259, 0.176
-0.5887356190159728, 0.677, 0.4546, 0.6167666167829715
0.7181, 0.5569493831200476, 0.151, -0.9161
0.2071651039753093, 0.9305, 0.6104526586624204, 0.4979715013240338
0.3140996995399581, 1.0, 0.4546, 1.0
-0.5887356190159728, 0.677, 0.8254976910576366, 0.8112
1.0, 0.7403, 0.7682874935587125, 0.8112
0.1265, -0.115753684928533, 0.5921636329955714, 0.5334
-0.14466606267422977, 0.8163118694291389, 0.151, -0.9161
0.41708428938682174, 0.8163118694291389, 0.151, -0.9161
0.7181, 0.677, -0.34964064897046565, 0.5334
0.6968, 0.7183064746632233, 0.8982294086646703, 0.4979715013240338
0.2071651039753093, 0.8163118694291389, 0.8982294086646703, 0.2730555687434256
0.7181, 0.7183064746632233, 0.151, -0.9161
0.7181, 0.7183064746632233, 0.4546, 0.5334
0.7181, 0.7830592143896447, 0.4125663850000316, 0.4979715013240338
0.8398, 1.0, -0.008027643505869764, 0.176
1.0, 0.9186604895550932, 0.8982294086646703, 0.4979715013240338
0.9858096506760187, 0.677, -0.34964064897046565, 0.5334
0.6968, 0.6493909165710874, 0.38630559054357794, 0.11488842848592795
0.1265, 0.7403, 0.11069422195553108, 0.176
0.7181, 1.0, 0.7682874935587125, 0.8112
-0.012013238817011718, 0.7403, 0.7566, 0.4371985027114963
0.1265, 0.7403, 0.7566, 0.8112
0.8398, 0.8163118694291389, 0.5161137192803237, -0.5673196207430302
0.2071651039753093, 0.9305, 0.8982294086646703, 0.26222728141575147
0.7181, 0.677, 0.4546, 0.7714574067305443
0.7181, 0.677, 0.4546, 0.6167666167829715
0.2071651039753093, 0.8163118694291389, 0.5161137192803237, -0.5673196207430302
0.9158570846736956, 0.45362644096181637, 0.38630559054357794, 0.11488842848592795
0.9858096506760187, 1.0, 0.4546, 0.5334
0.8398, 0.7183064746632233, -0.05316338801718723, 0.11488842848592795
0.1265, 0.7403, 0.4546, 0.5334
0.7181, 0.7830592143896447, 0.7566, 0.8112
0.9158570846736956, 0.4260591256873537, 0.5161137192803237, -0.5673196207430302
0.2071651039753093, 0.45362644096181637, 0.38630559054357794, 0.11488842848592795
0.2071651039753093, 0.677, 0.4546, 0.6167666167829715
0.7181, 0.8163118694291389, 0.5161137192803237, -0.5673196207430302
1.0, 1.0, -0.34964064897046565, 0.5334
0.6968, 0.677, -0.35495781345372207, 0.176
0.6968, 0.677, 0.7566, 0.8112
-0.2844580858878604, 0.7403, -0.2607, 0.234484302119005
0.6968, 1.0, -0.07814121662761259, 0.176
1.0, 0.5346259063756024, -0.34964064897046565, 0.5334
0.22023516848883107, 0.677, -0.34964064897046565, 0.5334
0.6968, 0.7830592143896447, 0.4546, 0.5334
0.1265, 0.7403, 0.7682874935587125, 0.8112
0.7181, 0.7183064746632233, 0.8982294086646703, 0.4979715013240338
0.8398, 0.9305, 0.8982294086646703, 0.4979715013240338
0.7181, 0.7183064746632233, 0.6209175292079229, 0.44817974057491383
0.9858096506760187, 0.7183064746632233, 0.38630559054357794, 0.11488842848592795
0.7181, 0.5717, 0.3534238738429091, 0.4944
0.6600766108258054, 0.28815767020430316, -0.34964064897046565, 0.5334
0.7369162330309396, 0.8777063611056555, -0.2607, 0.234484302119005
0.1265, 0.7403, 0.8982294086646703, 0.4979715013240338
0.6968, 0.7183064746632233, 0.16916501423292257, 0.12857038990966702
0.8398, 1.0, -0.008027643505869764, 0.176
1.0, 0.8163118694291389, 0.5161137192803237, -0.12681123340700806
0.2071651039753093, 0.45362644096181637, 0.8982294086646703, 0.8908244871246052
0.7181, 0.7183064746632233, 0.38630559054357794, 0.11488842848592795
0.8398, 0.8887380595946573, 0.9520042574924734, 0.5334
0.7181, 0.4482636988766838, 0.5161137192803237, -0.5673196207430302
0.3140996995399581, 1.0, 0.4546, 0.9212405733171956
1.0, 1.0, 0.8982294086646703, 0.4979715013240338
0.7181, 0.7183064746632233, 0.151, -0.9161
0.7181, 0.7183064746632233, 0.151, -0.9161
0.6968, 0.7183064746632233, 0.4546, 0.4270271175304857
0.9858096506760187, 1.0, 0.8982294086646703, 0.4979715013240338
0.7181, 0.7183064746632233, 0.8982294086646703, 0.4979715013240338
0.6968, 1.0, 0.8982294086646703, 0.4979715013240338
0.6968, 0.8163118694291389, 0.151, -0.9161
0.41708428938682174, 0.7830592143896447, 0.4546, 0.5334
0.8398, 0.7183064746632233, 0.8982294086646703, 0.4979715013240338
0.6968, 1.0, -0.008027643505869764, 0.07329298141022772
0.7181, 0.7183064746632233, 0.8982294086646703, 0.11154828895124558
0.6968, 0.7183064746632233, 0.4546, 0.5334
0.7181, 0.8163118694291389, 0.484012925022422, -0.8038625229553026
0.2071651039753093, 0.7830592143896447, 0.7566, 0.8112
0.6968, 0.5172283277356398, 0.4546, 0.6622287731984857
0.3140996995399581, 0.7124368107613656, -0.22133911516362997, 0.176
0.6968, 0.45362644096181637, 0.38630559054357794, 0.11488842848592795
0.2071651039753093, 0.7830592143896447, 0.4546, 0.5334
-0.1064369847572656, 0.45362644096181637, 0.4546, 0.5334
0.7181, 0.7183064746632233, 0.38630559054357794, 0.11488842848592795
0.7181, 0.7830592143896447, -0.008027643505869764, 0.6155784480933009
0.8398, 1.0, 0.23640921759198175, 0.4979715013240338
0.7181, 0.7830592143896447, 0.4125663850000316, 0.4979715013240338
0.2071651039753093, 0.8163118694291389, 0.5161137192803237, -0.5673196207430302
-0.5887356190159728, 0.7830592143896447, 0.4546, 0.5334
0.6968, 0.677, 0.5007500053329879, 0.8112
1.0, 0.7403, 0.7682874935587125, 0.8112
1.0, 0.9186604895550932, 0.8982294086646703, 0.4979715013240338
0.6968, 1.0, -0.07814121662761259, 0.176
0.2071651039753093, 0.8163118694291389, 0.5161137192803237, -0.3038296428185109
0.8398, 1.0, 0.4546, 0.6167666167829715
0.3649342536590259, 0.677, -0.008027643505869764, 0.176
0.8398, 0.7830592143896447, 0.4546, 0.5334
0.6686125224491112, 1.0, -0.008027643505869764, 0.176
0.9858096506760187, 1.0, 0.4546, 1.0
0.3140996995399581, 1.0, 0.4546, 0.5334
0.8398, 1.0, 0.4546, 0.5334
0.1265, 0.7403, -0.12649744876744767, 0.176
0.6968, 0.7183064746632233, 0.8982294086646703, 0.4979715013240338
0.7181, 0.7830592143896447, 0.4546, 0.5334
0.7181, 0.7830592143896447, 0.4546, 0.0808755590309268
0.793747193489857, 1.0, 0.4546, 0.5334
0.7181, 0.7830592143896447, 0.4546, 0.5334
1.0, 0.7403, 0.7682874935587125, 0.6105792265355691
0.8398, 0.8887380595946573, 0.8982294086646703, 0.4979715013240338
0.9858096506760187, 1.0, 0.9520042574924734, 0.5334
0.8398, 0.7830592143896447, 0.16916501423292257, 0.12857038990966702
0.6968, 0.7183064746632233, 0.4546, 0.5334
1.0, 1.0, 0.8982294086646703, 0.4979715013240338
0.9858096506760187, 0.8163118694291389, 0.5161137192803237, 0.015585825044896806
0.8398, 1.0, 0.4546, 0.5334
0.8398, 1.0, 0.4546, 0.5334
0.8398, 1.0, 0.23640921759198175, 0.4979715013240338
0.7181, 0.7830592143896447, 0.4546, 0.5334
0.3140996995399581, 0.7830592143896447, 0.8865108018617789, 0.5334
0.8398, 1.0, 0.4546, 0.5334
0.7181, 0.7830592143896447, 0.4546, 0.5334
0.7181, 0.7830592143896447, 0.4546, 0.5334
0.8398, 0.7830592143896447, 0.8982294086646703, 0.4979715013240338
1.0, 0.9186604895550932, 0.4546, 0.3902101225523116
0.2071651039753093, 0.8163118694291389, 0.4546, 1.0
1.0, 1.0, 0.5161137192803237, -0.3038296428185109
0.6968, 0.45362644096181637, 0.8260408130525759, 0.11488842848592795
0.6968, 0.7183064746632233, 0.4546, 0.4270271175304857
0.6968, 0.677, 0.5007500053329879, 0.8112
0.6968, 0.7183064746632233, 0.16916501423292257, 0.12857038990966702
1.0, 0.9186604895550932, 0.4546, 0.5334
0.7181, 0.7830592143896447, 0.8982294086646703, 0.8272544865885451
0.8398, 0.5663708329285054, 0.9520042574924734, 0.5334
0.6657737991268753, 0.8163118694291389, 0.36372458891728854, -0.3038296428185109
1.0, 0.9186604895550932, 0.7682874935587125, 0.8112
1.0, 0.7403, 0.8982294086646703, 0.4979715013240338
0.9858096506760187, 1.0, 0.4546, 0.9212405733171956
0.3140996995399581, 1.0, 0.8982294086646703, 0.4979715013240338
1.0, 0.9186604895550932, 0.4546, 1.0
0.9858096506760187, 1.0, 0.8982294086646703, 0.3042106592031575
0.7181, 0.677, 0.5007500053329879, 0.8112
0.9005552106981176, 0.7830592143896447, 0.4125663850000316, 0.4979715013240338
1.0, 1.0, 0.46556975029940983, 0.6167666167829715
0.8398, 0.7403, 0.7682874935587125, 0.8112
0.7181, 0.7830592143896447, 0.4125663850000316, 0.4979715013240338
0.7181, 0.7830592143896447, 0.4125663850000316, 0.4979715013240338
0.8398, 0.7183064746632233, 0.16916501423292257, -0.11965930154204868
0.6968, 1.0, 0.4546, 0.5334
0.8398, 1.0, 0.4243540503299922, 0.6167666167829715
0.7181, 0.7830592143896447, 0.4125663850000316, 0.4979715013240338
1.0, 0.40410567278131726, 0.7682874935587125, 0.8112
0.6968, 0.7183064746632233, 0.4546, 0.5334
0.6968, 0.7183064746632233, 0.8982294086646703, 0.4979715013240338
1.0, 0.9186604895550932, 0.4546, 0.4270271175304857
0.8502595726460571, 0.7830592143896447, 0.8982294086646703, 0.4979715013240338
0.8398, 0.7830592143896447, 0.7438333801312527, 0.0808755590309268
0.8398, 0.37361910461173164, 0.8982294086646703, 0.050384611454610484
0.9858096506760187, 0.5557499625534568, 0.4546, 0.9212405733171956
0.9858096506760187, 0.9186604895550932, 0.4546, 0.8381610019599065
1.0, 1.0, 0.4546, 0.9421368605353576
0.6968, 0.7183064746632233, 0.4546, 0.13774547095201917
0.7181, 1.0, 0.4125663850000316, 0.4979715013240338
0.8398, 1.0, 0.4546, 0.5334
0.7181, 0.7830592143896447, 0.4546, 0.5334
1.0, 0.7183064746632233, 0.5048249969433986, 0.4270271175304857
0.6968, 0.675849812609092, 0.4546, 0.5334
0.8398, 1.0, 0.4546, 0.5334
0.7181, 0.7830592143896447, 0.4546, 0.5334
0.9858096506760187, 1.0, 1.0, 0.4979715013240338
0.8398, 0.7830592143896447, 0.4546, 0.9212405733171956
0.4768576560531851, 0.7183064746632233, 0.4546, 0.4270271175304857
0.6968, 0.7183064746632233, 0.4546, 0.5334
0.8398, 0.7830592143896447, 0.16916501423292257, -0.29141815061010795
0.6968, 0.3848451483707269, 1.0, 0.4979715013240338
0.7181, 0.7830592143896447, 0.7682874935587125, 0.8112
0.8398, 0.7403, 0.4125663850000316, 0.4979715013240338
0.7181, 0.7830592143896447, 0.4546, 0.5676776496320016
1.0, 0.9186604895550932, 0.4546, 0.0808755590309268
0.6732428949288138, 0.8034025006841561, 0.4546, 0.5334
0.8398, 0.8163118694291389, 0.4546, 1.0
0.8398, 1.0, 0.4546, 0.5334
0.8398, 1.0, 0.4546, 0.5334
0.8398, 0.7830592143896447, 0.4546, 0.4458219343761568
0.6662718334809722, 1.0, 0.8982294086646703, 0.23262293711866
0.7454316232186056, 0.4776515575255573, 0.4546, 0.4270271175304857
0.6968, 0.3455683542689987, 0.4546, 0.4270271175304857
1.0, 0.9186604895550932, 0.8982294086646703, 0.8272544865885451
0.7181, 0.7830592143896447, 0.6835390463966493, 1.0
0.6968, 0.7183064746632233, 0.4546, 0.5334
0.6968, 0.22570423621078317, 0.4546, 0.5334
0.7181, 1.0, 0.4546, 0.5334
0.8398, 0.7830592143896447, 0.8982294086646703, 0.8272544865885451
0.7181, 1.0, 0.4546, 0.5334
1.0, 1.0, 0.4546, 0.5334
0.6809549547447071, 1.0, 0.4546, 0.5334
0.8398, 0.7183064746632233, 0.4546, 0.5334
0.6968, 0.7183064746632233, 0.4546, 0.6229037982871355
0.6968, 0.7183064746632233, 0.4546, 0.4270271175304857
0.8398, 0.9141571171329643, 0.4546, 0.5334
0.6968, 1.0, 0.4546, 0.5334
1.0, 0.9186604895550932, 0.4125663850000316, 0.4979715013240338
0.7181, 0.7830592143896447, 0.7682874935587125, 0.8112
0.27049208922265155, 0.7830592143896447, 0.4546, 0.9024128561919014
0.7181, 0.7183064746632233, 0.4546, 0.5334
0.8398, 0.9141571171329643, 0.4546, 0.990336389916579
1.0, 0.8547845273172164, 0.4546, 0.0808755590309268
1.0, 1.0, 0.811094788193192, 0.4979715013240338
0.7181, 0.6214842252810869, 0.4546, 1.0
1.0, 0.7830592143896447, 0.8982294086646703, 0.8272544865885451
0.8398, 1.0, 0.8982294086646703, 0.8272544865885451
0.6968, 0.7183064746632233, 0.4546, 0.5334
0.9043209679267935, 0.7830592143896447, 0.7438333801312527, 0.0808755590309268
0.9858096506760187, 0.9186604895550932, 0.9225447856668431, 0.8272544865885451
1.0, 0.9186604895550932, 0.8804573824118467, 0.8381610019599065
0.9382415613304428, 0.7830592143896447, 0.4546, 0.5334
0.8398, 0.9141571171329643, 0.8982294086646703, 0.8272544865885451
0.6968, 1.0, 0.4546, 0.5334
0.568967977630469, 0.9141571171329643, 0.4546, 0.5334
0.7181, 0.9186604895550932, 0.6820778721704334, 0.0808755590309268
1.0, 0.7183064746632233, 0.4546, 0.5334
0.8398, 0.7830592143896447, 0.4546, 0.5334
0.6968, 0.7183064746632233, 0.8982294086646703, 0.5067129116230458
0.6968, 0.26985565034394765, 0.8982294086646703, 0.8272544865885451
0.8398, 0.7830592143896447, 0.4546, 0.4270271175304857
0.8398, 0.5341378745487251, 0.8982294086646703, 0.8272544865885451
0.8398, 0.8134178270483021, 0.5141525507602338, 0.0808755590309268
0.9858096506760187, 1.0, 0.9179873844043487, 0.0808755590309268
1.0, 0.9186604895550932, 1.0, 0.7576834329273286
1.0, 0.9186604895550932, 0.6835390463966493, 1.0
0.7181, 0.7830592143896447, 0.4546, 0.8381610019599065
0.6968, 0.7183064746632233, 0.4546, 0.5334
0.6968, 0.7183064746632233, 0.4546, 0.8372850758190785
0.6968, 1.0, 0.4546, 0.5334
0.6968, 0.7183064746632233, 0.4546, 0.9176688128780074
0.8398, 0.7830592143896447, 0.4546, 0.9212405733171956
0.6968, 0.6938219511838297, 0.4546, 0.8387878559028751
0.8502595726460571, 0.7183064746632233, 0.4546, 0.5334
1.0, 0.7830592143896447, 0.9054459313024326, 0.4979715013240338
0.6968, 0.4585878751916572, 0.4546, 0.12117488060182191
0.6968, 0.7183064746632233, 0.4546, 0.5334
0.8398, 0.7830592143896447, 0.7438333801312527, 0.0808755590309268
0.6968, 0.7183064746632233, 0.4546, 0.6610474775115386
0.4265200534996465, 0.675849812609092, 0.4546, 0.4270271175304857
0.6968, 0.7183064746632233, 0.4546, 0.5334
1.0, 0.9186604895550932, 0.4125663850000316, 0.4979715013240338
1.0, 1.0, 1.0, 0.4979715013240338
0.8398, 0.7830592143896447, 0.8982294086646703, 0.4979715013240338
0.8502595726460571, 0.7830592143896447, 0.8982294086646703, 0.8272544865885451
0.9858096506760187, 1.0, 1.0, 0.4979715013240338
0.7967920743888766, 0.7830592143896447, 0.7438333801312527, 0.0808755590309268
0.8398, 0.8163118694291389, 0.4546, 1.0
0.6968, 0.7183064746632233, 0.4546, 0.5334
0.7039903462152306, 0.7830592143896447, 0.7438333801312527, -0.01584566012710409
0.8398, 0.7830592143896447, 0.679900181470254, 0.0808755590309268
0.8502595726460571, 0.5341378745487251, 0.8982294086646703, 0.8272544865885451
0.8398, 0.7830592143896447, 0.8982294086646703, 0.7916660493983232
0.9858096506760187, 0.9186604895550932, 0.9225447856668431, 0.8272544865885451
0.9858096506760187, 0.9186604895550932, 1.0, 0.8272544865885451
0.6968, 0.43594552114175567, 0.4546, 0.9212405733171956
0.8398, 0.7183064746632233, 0.4546, 0.5334
0.8502595726460571, 0.9892123070237534, 0.4546, 0.8372850758190785
0.9100179991942454, 0.5927197085384267, 0.8982294086646703, 0.8272544865885451
1.0, 0.7830592143896447, 0.7438333801312527, -0.01584566012710409
0.7039903462152306, 0.7830592143896447, 0.8982294086646703, 0.8272544865885451
1.0, 0.7830592143896447, 0.8982294086646703, 0.704524825367402
0.8398, 0.7830592143896447, 0.8982294086646703, 0.8272544865885451
0.8398, 0.9537882243197823, 0.8982294086646703, 0.8272544865885451
0.8398, 1.0, 0.8982294086646703, 0.8272544865885451
0.8398, 0.8134178270483021, 0.8982294086646703, 0.8272544865885451
0.8398, 1.0, 0.5141525507602338, 0.0808755590309268
0.9882070561743024, 0.7830592143896447, 0.8982294086646703, 0.8628901623301541
0.8398, 1.0, 0.9179873844043487, 0.0808755590309268
0.8398, 0.7830592143896447, 0.8982294086646703, 0.4979715013240338
0.7039903462152306, 0.6192935816788971, 0.7438333801312527, -0.01584566012710409
0.7039903462152306, 0.5781622009922913, 1.0, 0.4979715013240338
0.9858096506760187, 0.7830592143896447, 0.7438333801312527, -0.4561484397658647
1.0, 0.9186604895550932, 1.0, 0.7576834329273286
0.7039903462152306, 0.7830592143896447, 0.7438333801312527, 0.08903558989304372
0.8398, 1.0, 0.47791082842465016, 0.5081337898989997
0.6968, 0.801094162910318, 0.8982294086646703, 0.8272544865885451
0.6968, 0.8163118694291389, 0.4546, 1.0
0.8398, 0.26985565034394765, 0.8982294086646703, 0.8272544865885451
0.8398, 0.5341378745487251, 0.8982294086646703, 0.8272544865885451
1.0, 0.7830592143896447, 0.8982294086646703, 0.8272544865885451
1.0, 0.3089182527708638, 0.4546, 0.6610474775115386
0.5552262832429814, 0.9186604895550932, 1.0, 0.7576834329273286
0.8398, 0.9186604895550932, 0.8804573824118467, 1.0
1.0, 0.7830592143896447, 0.8982294086646703, 0.4979715013240338
0.5705530625588002, 0.7830592143896447, 0.7438333801312527, -0.01584566012710409
0.7039903462152306, 0.7830592143896447, 0.6839903307540682, -0.13008965554056529
0.6968, 0.9186604895550932, 0.4983460734982511, 0.8272544865885451
0.9858096506760187, 0.26985565034394765, 0.8982294086646703, 0.8272544865885451
1.0, 0.9186604895550932, 0.5141525507602338, 0.0808755590309268
0.8398, 0.4608452145880606, 1.0, 0.7576834329273286
0.8398, 0.7830592143896447, 0.7438333801312527, -0.01584566012710409
0.7039903462152306, 0.7830592143896447, 0.679900181470254, 0.0808755590309268
1.0, 0.7830592143896447, 0.4546, 0.9212405733171956
0.8398, 0.7830592143896447, 0.8982294086646703, 0.8272544865885451
0.8398, 0.8134178270483021, 0.5141525507602338, 0.0808755590309268
0.8398, 0.7830592143896447, 0.4546, 0.4270271175304857
0.8398, 1.0, 0.4546, 0.5195942643897574
0.6968, 0.7183064746632233, 0.4546, 1.0
0.7039903462152306, 0.3021303076514861, 0.7438333801312527, -0.01584566012710409
0.8398, 1.0, 0.8982294086646703, 0.8272544865885451
0.8398, 0.9186604895550932, 0.540338498119584, 0.0808755590309268
0.8398, 0.8134178270483021, 0.8804573824118467, 1.0
0.8398, 0.9186604895550932, 1.0, 0.7576834329273286
1.0, 0.7830592143896447, 0.8982294086646703, 0.8272544865885451
0.6968, 0.7830592143896447, 0.8982294086646703, 0.5477875030810143
0.8398, 0.7183064746632233, 0.4546, 1.0
0.8398, 0.5506323470003093, 0.5141525507602338, 0.0808755590309268
1.0, 0.9186604895550932, 0.7368795267668993, 0.8272544865885451
0.8398, 0.7830592143896447, 0.8982294086646703, 1.0
0.8398, 0.9186604895550932, 0.8804573824118467, 1.0
0.8398, 0.9218526164533907, 0.45274889330756596, 0.0808755590309268
0.8398, 0.7830592143896447, 0.8982294086646703, 0.7916660493983232
1.0, 0.9186604895550932, 0.4546, 0.9212405733171956
1.0, 0.7830592143896447, 0.9225447856668431, 0.8272544865885451
1.0, 0.7830592143896447, 0.4546, 1.0
0.6968, 0.7183064746632233, 0.4546, 0.9212405733171956
0.8502595726460571, 0.9892123070237534, 0.8982294086646703, 0.9211580626900394
1.0, 0.7830592143896447, 0.4546, 0.8372850758190785
0.8398, 0.7201282735667466, 0.5141525507602338, 0.0808755590309268
0.545221240259276, 0.9186604895550932, 0.5141525507602338, 0.0808755590309268
0.9882070561743024, 0.7830592143896447, 0.7604280093515466, 0.8628901623301541
0.8398, 0.7830592143896447, 0.673828897995617, 0.7916660493983232
1.0, 0.9186604895550932, 1.0, 0.7576834329273286
1.0, 0.9186604895550932, 0.5141525507602338, 0.0808755590309268
0.9882070561743024, 0.7830592143896447, 0.8982294086646703, 0.8628901623301541
0.9858096506760187, 0.9186604895550932, 0.9225447856668431, 0.8272544865885451
1.0, 0.9892123070237534, 0.4546, 0.8372850758190785
0.8502595726460571, 0.7830592143896447, 0.4546, 0.9212405733171956
1.0, 0.9186604895550932, 1.0, 0.8272544865885451
0.9858096506760187, 0.9186604895550932, 1.0, 0.7576834329273286
0.39057697677699665, 0.7830592143896447, 0.8982294086646703, 0.8628901623301541
0.9882070561743024, 0.7830592143896447, 0.8982294086646703, 0.8272544865885451
1.0, 0.7830592143896447, 0.9769514398952122, 0.8628901623301541
0.9882070561743024, 0.7830592143896447, 0.4546, 0.9212405733171956
0.7039903462152306, 0.7830592143896447, 0.40788570700629956, 0.08903558989304372
1.0, 0.7355413329347469, 1.0, 0.7576834329273286
1.0, 0.7830592143896447, 0.8982294086646703, 1.0
0.9858096506760187, 0.9186604895550932, 0.9225447856668431, 0.8272544865885451
0.8398, 0.7830592143896447, 0.8982294086646703, 0.8272544865885451
0.37578432313867605, 0.9534679663878196, 0.42146641015909103, 0.7916660493983232
0.8398, 0.7830592143896447, 0.4546, 0.9212405733171956
1.0, 0.7830592143896447, 0.44110893975938115, 0.8272544865885451
0.6370258692159362, 0.7830592143896447, 0.6839903307540682, -0.13008965554056529
1.0, 0.7830592143896447, 0.4251538864103088, 0.704524825367402
1.0, 0.9186604895550932, 0.676382052666446, 0.7576834329273286
0.8398, 0.7830592143896447, 0.8982294086646703, 0.8272544865885451
0.8398, 0.4608452145880606, 1.0, 1.0
0.9858096506760187, 0.9186604895550932, 1.0, 0.7005697697652419
0.8398, 0.9186604895550932, 1.0, 0.7576834329273286
1.0, 0.7830592143896447, 1.0, 0.8272544865885451
0.9858096506760187, 0.9186604895550932, 0.9225447856668431, 0.8272544865885451
0.9858096506760187, 0.9186604895550932, 0.9225447856668431, 0.8272544865885451
1.0, 0.7355413329347469, 1.0, 0.7576834329273286
1.0, 0.9186604895550932, 1.0, 0.7576834329273286
0.818430090617434, 0.7830592143896447, 1.0, 0.8272544865885451
0.8398, 0.4608452145880606, 1.0, 1.0
0.651331342384874, 0.9186604895550932, 0.9225447856668431, 0.8272544865885451
0.9858096506760187, 0.9186604895550932, 0.9225447856668431, 1.0
0.5044415903753593, 0.7830592143896447, 0.9630670456562223, 0.8272544865885451
0.8398, 0.9186604895550932, 1.0, 0.7576834329273286
1.0, 0.9186604895550932, 1.0, 0.8272544865885451
1.0, 0.9186604895550932, 1.0, 0.7576834329273286
1.0, 0.7355413329347469, 1.0, 0.7576834329273286
1.0, 0.7355413329347469, 1.0, 0.7576834329273286
0.9858096506760187, 0.856793764246866, 0.40788570700629956, 0.08903558989304372
0.7039903462152306, 0.9186604895550932, 1.0, 0.7005697697652419
0.8398, 0.7830592143896447, 0.8982294086646703, 0.5679062437856416
0.8398, 0.4608452145880606, 1.0, 0.8914582857095394
0.9858096506760187, 0.9186604895550932, 0.9225447856668431, 0.8272544865885451
0.8398, 0.7201282735667466, 0.5141525507602338, 0.24332014061912866
1.0, 0.7355413329347469, 1.0, 0.7576834329273286
0.7039903462152306, 0.7830592143896447, 0.40788570700629956, 0.08903558989304372
0.36787134677830235, 0.9186604895550932, 0.9225447856668431, 0.8272544865885451
0.9858096506760187, 0.9186604895550932, 0.540338498119584, 0.0808755590309268
0.9858096506760187, 0.9186604895550932, 1.0, 0.7576834329273286
0.9858096506760187, 0.9186604895550932, 0.4603985831992913, 0.8272544865885451
0.8398, 0.4608452145880606, 1.0, 1.0
0.5052583218113518, 0.2831586142236632, 1.0, 1.0
0.9858096506760187, 0.9186604895550932, 0.9225447856668431, 0.8272544865885451
0.6968, 0.7183064746632233, 0.42722369213919253, 0.9212405733171956
0.6520447808772244, 0.8785960705297768, 1.0, 1.0
0.8398, 0.7830592143896447, 0.40788570700629956, 0.08903558989304372
0.8398, 0.7830592143896447, 0.540338498119584, 0.0808755590309268
0.8398, 0.9186604895550932, 1.0, 0.8272544865885451
0.8398, 0.9186604895550932, 1.0, 1.0
0.750769989671659, 0.4608452145880606, 1.0, 0.7576834329273286
1.0, 0.9186604895550932, 0.9225447856668431, 0.8272544865885451
0.9858096506760187, 0.9186604895550932, 1.0, 0.7576834329273286
0.9858096506760187, 0.9186604895550932, 0.9225447856668431, 0.8272544865885451
0.9858096506760187, 1.0, 0.5521785850403039, 0.7005697697652419
0.9858096506760187, 0.9186604895550932, 0.9225447856668431, 0.9245739987569244
0.5750964982184298, 0.9186604895550932, 1.0, 0.7576834329273286
1.0, 0.9186604895550932, 0.540338498119584, 0.0808755590309268
0.8398, 0.9186604895550932, 1.0, 0.7576834329273286
1.0, 0.7355413329347469, 0.46109750717676956, 0.0808755590309268
0.8398, 0.9186604895550932, 1.0, 0.7576834329273286
0.9858096506760187, 0.9186604895550932, 0.8804573824118467, 1.0
0.8398, 0.9186604895550932, 0.8848888420824879, 0.8272544865885451
0.8398, 0.8134178270483021, 1.0, 0.873977146588985
0.8398, 0.46672173669729655, 0.5471394747765788, 1.0
1.0, 0.856793764246866, 1.0, 1.0
0.8398, 0.4608452145880606, 0.40788570700629956, 0.08903558989304372
0.7497014437512659, 0.856793764246866, 0.40788570700629956, 0.08903558989304372
1.0, 0.8393399961692826, 1.0, 0.7576834329273286
0.9858096506760187, 0.9186604895550932, 0.9225447856668431, 1.0
0.9858096506760187, 0.9186604895550932, 0.9225447856668431, 0.9245739987569244
0.9858096506760187, 0.9186604895550932, 1.0, 0.7576834329273286
1.0, 0.5866061687774917, 0.9347402754977024, 0.7576834329273286
0.6520447808772244, 0.7367778956594734, 1.0, 0.6946772809157509
1.0, 0.9186604895550932, 1.0, 0.8272544865885451
1.0, 0.7355413329347469, 1.0, 0.7576834329273286
1.0, 0.7355413329347469, 1.0, 0.7576834329273286
1.0, 0.7355413329347469, 1.0, 0.7576834329273286
1.0, 0.9020695999807349, 0.9225447856668431, 0.8272544865885451
0.9858096506760187, 0.856793764246866, 1.0, 1.0
0.8398, 0.4608452145880606, 0.40788570700629956, 0.5594070275837558
1.0, 0.9186604895550932, 1.0, 0.8589622421381076
1.0, 0.7355413329347469, 1.0, 0.7576834329273286
0.8398, 0.4608452145880606, 1.0, 1.0
0.8398, 0.4608452145880606, 1.0, 1.0
1.0, 0.9186604895550932, 0.9225447856668431, 0.8272544865885451
1.0, 0.9186604895550932, 1.0, 0.7576834329273286
0.9771970825010748, 0.7355413329347469, 1.0, 0.7576834329273286
1.0, 0.9186604895550932, 0.3895198399310509, 0.0808755590309268
1.0, 0.35227752575718163, 1.0, 0.7576834329273286
1.0, 0.7355413329347469, 1.0, 1.0
1.0, 1.0, 1.0, 0.7576834329273286
1.0, 0.9186604895550932, 1.0, 0.7576834329273286
1.0, 0.7355413329347469, 1.0, 0.7576834329273286
1.0, 0.9186604895550932, 0.9345447646456296, 0.7576834329273286
0.750769989671659, 0.4608452145880606, 1.0, 0.7576834329273286
0.8735772429838624, 0.9186604895550932, 1.0, 0.7576834329273286
1.0, 0.7355413329347469, 1.0, 0.7576834329273286
0.750769989671659, 0.4608452145880606, 1.0, 0.7576834329273286
1.0, 0.8134178270483021, 1.0, 0.873977146588985
0.8398, 0.7355413329347469, 1.0, 0.7576834329273286
1.0, 0.9186604895550932, 0.540338498119584, 0.0808755590309268
0.9858096506760187, 0.9186604895550932, 1.0, 0.7576834329273286
1.0, 0.8908043732956653, 0.9225447856668431, 0.8272544865885451
0.9858096506760187, 0.9186604895550932, 1.0, 0.7576834329273286
1.0, 0.9186604895550932, 0.9225447856668431, 0.9245739987569244
1.0, 0.9186604895550932, 0.9225447856668431, 0.8272544865885451
1.0, 0.9186604895550932, 0.9225447856668431, 0.8272544865885451
0.9858096506760187, 0.7355413329347469, 1.0, 0.7576834329273286
1.0, 0.9186604895550932, 1.0, 0.5851023101917369
1.0, 0.9186604895550932, 1.0, 0.8272544865885451
0.9858096506760187, 0.7355413329347469, 1.0, 0.7576834329273286
1.0, 0.9186604895550932, 0.4603985831992913, 0.8272544865885451
0.9858096506760187, 0.9186604895550932, 1.0, 0.7576834329273286
0.9858096506760187, 0.9186604895550932, 1.0, 0.7576834329273286
0.7271669608008994, 0.6873666855925542, 1.0, 0.7576834329273286
0.9858096506760187, 0.7355413329347469, 0.698419690510279, 0.8589622421381076
1.0, 0.9186604895550932, 1.0, 0.7576834329273286
0.8398, 0.7355413329347469, 0.9225447856668431, 0.8272544865885451
1.0, 0.9186604895550932, 0.9225447856668431, 0.8272544865885451
1.0, 0.8134178270483021, 1.0, 0.873977146588985
1.0, 0.8393399961692826, 0.9225447856668431, 0.8272544865885451
1.0, 0.9020695999807349, 1.0, 0.7576834329273286
0.750769989671659, 1.0, 0.8195583479140851, 0.8272544865885451
1.0, 0.4608452145880606, 1.0, 0.7576834329273286
1.0, 0.9259422994499383, 1.0, 1.0
1.0, 0.9186604895550932, 1.0, 0.873977146588985
1.0, 0.5866061687774917, 1.0, 0.7576834329273286
0.750769989671659, 0.4608452145880606, 1.0, 0.9630616190519172
1.0, 0.13909242813702527, 1.0, 0.6946772809157509
0.6520447808772244, 0.7367778956594734, 1.0, 0.7576834329273286
1.0, 0.9186604895550932, 1.0, 0.8589622421381076
1.0, 0.9186604895550932, 0.9225447856668431, 0.8272544865885451
0.8735772429838624, 0.7355413329347469, 1.0, 0.7576834329273286
1.0, 0.9186604895550932, 1.0, 1.0
0.7978063105226222, 0.8134178270483021, 1.0, 0.873977146588985
1.0, 0.4608452145880606, 0.6893371497757443, 0.7576834329273286
0.7303130994244245, 0.35227752575718163, 1.0, 0.7576834329273286
1.0, 0.7355413329347469, 1.0, 0.7576834329273286
1.0, 0.9186604895550932, 0.6129159703561466, 0.5851023101917369
1.0, 0.9186604895550932, 0.9225447856668431, 0.48420798041015145
0.8011467042649043, 0.856793764246866, 1.0, 1.0
0.750769989671659, 0.4608452145880606, 1.0, 0.3971771193384931
0.9858096506760187, 0.7355413329347469, 1.0, 0.873977146588985
1.0, 0.8134178270483021, 0.6013563934814657, 0.7576834329273286
1.0, 0.9186604895550932, 0.7897653343168712, 0.9245739987569244
1.0, 0.9020695999807349, 0.9225447856668431, 0.8272544865885451
1.0, 0.856793764246866, 1.0, 1.0
1.0, 0.9186604895550932, 0.9225447856668431, 0.8272544865885451
1.0, 0.9020695999807349, 0.9225447856668431, 0.8272544865885451
1.0, 0.5952482328894373, 0.8408380154451898, 0.7576834329273286
1.0, 0.8908043732956653, 0.9225447856668431, 1.0
1.0, 0.9186604895550932, 0.9225447856668431, 0.9245739987569244
1.0, 0.894721390918819, 1.0, 0.733960894894513
0.7924750798571071, 0.856793764246866, 1.0, 1.0
1.0, 0.5866061687774917, 0.9225447856668431, 0.8272544865885451
1.0, 1.0, 0.9347402754977024, 0.7576834329273286
1.0, 0.8134178270483021, 1.0, 0.873977146588985
0.6517515771260503, 0.856793764246866, 1.0, 1.0
0.750769989671659, 0.4608452145880606, 0.9225447856668431, 0.8272544865885451
1.0, 0.8908043732956653, 1.0, 0.7576834329273286
1.0, 0.856793764246866, 1.0, 0.7576834329273286
1.0, 1.0, 1.0, 1.0
0.5345264378694716, 0.5883911421057441, 1.0, 0.7576834329273286
1.0, 0.9186604895550932, 1.0, 1.0
1.0, 0.8908043732956653, 0.9225447856668431, 0.8272544865885451
0.8398, 0.5581042167121278, 1.0, 0.7576834329273286
1.0, 1.0, 1.0, 0.8272544865885451
0.8398, 0.13909242813702527, 0.655105141553928, 0.6946772809157509
0.7303130994244245, 0.35227752575718163, 1.0, 0.7576834329273286
1.0, 0.894721390918819, 1.0, 0.733960894894513
1.0, 0.13909242813702527, 1.0, 0.4233009630323087
1.0, 0.9186604895550932, 0.6519570831470163, 0.8272544865885451
0.8398, 0.35227752575718163, 1.0, 0.7576834329273286
0.7303130994244245, 0.7355413329347469, 0.9225447856668431, 0.8272544865885451
1.0, 0.9186604895550932, 1.0, 1.0
1.0, 0.8908043732956653, 1.0, 0.7576834329273286
0.7271669608008994, 0.6873666855925542, 1.0, 0.873977146588985
0.5983527988365653, 0.9186604895550932, 1.0, 0.7576834329273286
1.0, 0.13909242813702527, 1.0, 0.7576834329273286
1.0, 0.5866061687774917, 1.0, 1.0
1.0, 0.8993114811169766, 1.0, 0.7576834329273286
1.0, 0.9186604895550932, 0.7897653343168712, 0.9245739987569244
1.0, 0.13909242813702527, 1.0, 0.873977146588985
1.0, 0.8134178270483021, 0.6163954449535725, 0.6946772809157509
0.7271669608008994, 0.8134178270483021, 1.0, 0.873977146588985
0.7978063105226222, 0.6873666855925542, 1.0, 0.7576834329273286
1.0, 1.0, 1.0, 0.7576834329273286
0.7271669608008994, 0.6873666855925542, 1.0, 1.0
0.8582044876017882, 0.7355413329347469, 1.0, 0.7576834329273286
0.7303130994244245, 0.03689291601372324, 0.9225447856668431, 0.8272544865885451
1.0, 0.13909242813702527, 1.0, 0.6946772809157509
1.0, 0.894721390918819, 1.0, 0.733960894894513
1.0, 0.9186604895550932, 1.0, 0.6946772809157509
1.0, 0.13909242813702527, 0.9225447856668431, 0.8272544865885451
0.5345264378694716, 0.5883911421057441, 1.0, 0.7576834329273286
0.32276294004120254, 0.5883911421057441, 1.0, 0.7576834329273286
1.0, 0.5866061687774917, 1.0, 0.7576834329273286
1.0, 0.9186604895550932, 0.4922708811782003, 0.8272544865885451
1.0, -0.316263393045337, 1.0, 0.6946772809157509
1.0, -0.031373613846395365, 1.0, 0.6946772809157509
0.7978063105226222, 0.8908043732956653, 1.0, 0.7576834329273286
1.0, 0.8134178270483021, 1.0, 0.873977146588985
1.0, 0.5866061687774917, 1.0, 0.7576834329273286
1.0, 0.8908043732956653, 1.0, 0.7576834329273286
0.8398, 0.9186604895550932, 1.0, 1.0
1.0, 0.7355413329347469, 0.9225447856668431, 0.8272544865885451
1.0, 0.9186604895550932, 0.817360165466189, 0.873977146588985
1.0, 0.856793764246866, 1.0, 0.7576834329273286
0.7303130994244245, 0.5866061687774917, 1.0, 0.697247251256904
1.0, 0.35227752575718163, 1.0, 0.7576834329273286
0.9858096506760187, 0.7355413329347469, 1.0, 1.0
0.9858096506760187, 0.7355413329347469, 1.0, 0.873977146588985
0.5345264378694716, 0.5883911421057441, 0.9225447856668431, 0.8272544865885451
0.8398, 1.0, 1.0, 0.7576834329273286
0.7332118512500037, 0.8993114811169766, 1.0, 0.7576834329273286
1.0, 0.5866061687774917, 1.0, 0.7576834329273286
0.5345264378694716, 0.5883911421057441, 0.9225447856668431, 0.8272544865885451
0.7303130994244245, 0.7355413329347469, 0.9225447856668431, 0.8272544865885451
1.0, 0.8908043732956653, 1.0, 0.5791590372257251
0.7271669608008994, 0.8134178270483021, 0.9225447856668431, 0.8272544865885451
0.24271244623029875, 0.8134178270483021, 1.0, 0.48441896933368167
0.7271669608008994, 0.8134178270483021, 1.0, 0.873977146588985
0.7271669608008994, 0.5883911421057441, 1.0, 0.7576834329273286
0.5345264378694716, 0.5006521952444379, 1.0, 0.873977146588985
1.0, 0.35227752575718163, 1.0, 0.873977146588985
0.7271669608008994, 0.8134178270483021, 1.0, 0.7576834329273286
0.5345264378694716, 0.5883911421057441, 0.9225447856668431, 0.8272544865885451
0.7978063105226222, 1.0, 1.0, 0.7576834329273286
1.0, 0.7825812714992602, 1.0, 0.697247251256904
0.7303130994244245, 0.006355916231420733, 1.0, 0.7576834329273286
0.7978063105226222, 0.35227752575718163, 1.0, 0.7576834329273286
0.8398, 0.8908043732956653, 1.0, 0.7576834329273286
0.5345264378694716, 0.5883911421057441, 0.9225447856668431, 0.5829626531466325
1.0, 0.13909242813702527, 1.0, 0.7576834329273286
1.0, 0.856793764246866, 0.9170637180096867, 0.5692352900506304
0.5345264378694716, 0.5883911421057441, 1.0, 0.7576834329273286
1.0, 0.856793764246866, 1.0, 0.7576834329273286
0.7303130994244245, 0.35227752575718163, 1.0, 0.7191543866035931
1.0, 0.587971510971694, 1.0, 0.873977146588985
0.7271669608008994, 0.8134178270483021, 0.957270542661415, 0.7576834329273286
1.0, 0.35227752575718163, 1.0, 0.7576834329273286
1.0, 0.8993114811169766, 1.0, 0.7576834329273286
1.0, 0.8908043732956653, 0.9225447856668431, 0.8272544865885451
1.0, 0.13909242813702527, 1.0, 0.7576834329273286
0.7303130994244245, 0.6873666855925542, 1.0, 0.873977146588985
0.7271669608008994, 0.7355413329347469, 1.0, 0.8272544865885451
0.7303130994244245, 0.7355413329347469, 0.9225447856668431, 0.8272544865885451
0.7271669608008994, 0.6873666855925542, 0.9084103358726975, 0.9579974631588651
1.0, 0.894721390918819, 1.0, 0.733960894894513
1.0, 0.894721390918819, 1.0, 0.733960894894513
0.7303130994244245, 0.5128022952155898, 1.0, 0.6093212008862595
0.9295834890411667, 0.7355413329347469, 1.0, 1.0
0.7271669608008994, 0.6873666855925542, 1.0, 0.873977146588985
1.0, 0.856793764246866, 1.0, 0.7576834329273286
0.9307252654165133, 0.35227752575718163, 1.0, 0.7576834329273286
1.0, -0.09987912315223446, 1.0, 0.4233009630323087
1.0, 0.35227752575718163, 0.7485877330316905, 0.7576834329273286
1.0, 0.35227752575718163, 1.0, 0.7576834329273286
1.0, 0.1963770545800807, 1.0, 0.7576834329273286
0.7271669608008994, 0.8134178270483021, 1.0, 0.873977146588985
0.5345264378694716, 0.7355413329347469, 0.9225447856668431, 0.8272544865885451
0.7303130994244245, 0.5883911421057441, 0.9225447856668431, 0.8272544865885451
0.7303130994244245, 0.35227752575718163, 1.0, 0.7576834329273286
1.0, 0.35227752575718163, 1.0, 0.4321623531286498
0.2689435333268302, 1.0, 0.9225447856668431, 0.8272544865885451
0.5345264378694716, 0.708157985427569, 1.0, 0.873977146588985
0.7271669608008994, 0.5883911421057441, 1.0, 0.7576834329273286
0.7271669608008994, 0.7355413329347469, 1.0, 0.8272544865885451
0.7271669608008994, 0.5883911421057441, 1.0, 0.7576834329273286
1.0, 0.6279156961875564, 1.0, 0.7576834329273286
0.7271669608008994, 0.35227752575718163, 1.0, 0.4321623531286498
1.0, 0.6873666855925542, 1.0, 0.43568706675081714
0.7271669608008994, -0.09987912315223446, 1.0, 0.4233009630323087
1.0, 0.8134178270483021, 1.0, 0.7576834329273286
0.8398, 0.8908043732956653, 0.957270542661415, 0.7576834329273286
0.7271669608008994, 0.8134178270483021, 1.0, 0.7576834329273286
0.8398, 0.4112292564065617, 1.0, 0.7576834329273286
0.7271669608008994, 0.8134178270483021, 0.957270542661415, 0.7576834329273286
1.0, 0.8908043732956653, 0.9225447856668431, 0.8272544865885451
0.5345264378694716, 0.5006521952444379, 1.0, 0.873977146588985
0.7271669608008994, 0.6873666855925542, 0.957270542661415, 0.7576834329273286
0.7271669608008994, 0.8134178270483021, 0.7507368570014663, 0.9579974631588651
0.7271669608008994, 0.8134178270483021, 1.0, 0.5179920330530965
0.43389349859103143, 0.5006521952444379, 0.957270542661415, 0.7576834329273286
0.7303130994244245, 0.8134178270483021, 1.0, 0.7576834329273286
0.7271669608008994, 0.5883911421057441, 0.7097860528575096, 0.8272544865885451
1.0, 0.5866061687774917, 1.0, 0.7576834329273286
0.8398, 0.8908043732956653, 1.0, 0.3933718133594434
1.0, 0.8993114811169766, 0.9225447856668431, 0.5829626531466325
0.5345264378694716, 0.5883911421057441, 1.0, 0.4360631999869903
0.7303130994244245, 0.6873666855925542, 1.0, 0.873977146588985
0.7271669608008994, 0.5883911421057441, 0.9225447856668431, 0.8272544865885451
0.8398, 0.8908043732956653, 1.0, 0.7576834329273286
0.7303130994244245, 0.35227752575718163, 1.0, 0.7576834329273286
0.7271669608008994, 0.9022778068505365, 1.0, 0.873977146588985
0.7271669608008994, 0.6873666855925542, 1.0, 1.0
1.0, 0.5883911421057441, 1.0, 0.7576834329273286
0.7271669608008994, 0.856793764246866, 0.9170637180096867, 0.5692352900506304
0.7271669608008994, 0.7355413329347469, 1.0, 0.8272544865885451
1.0, 0.13909242813702527, 1.0, 0.7576834329273286
0.7271669608008994, 0.8134178270483021, 0.957270542661415, 0.7576834329273286
0.5345264378694716, 0.9674193361639174, 0.9225447856668431, 0.8272544865885451
0.7303130994244245, -0.014153981426337614, 1.0, 0.4233009630323087
1.0, 0.5883911421057441, 0.9225447856668431, 0.8272544865885451
1.0, 0.35227752575718163, 1.0, 0.4321623531286498
1.0, 0.35227752575718163, 1.0, 0.6333268745456004
0.7303130994244245, 0.6873666855925542, 1.0, 0.5643470415503982
1.0, -0.15912193800893237, 1.0, 0.873977146588985
0.7271669608008994, 0.7355413329347469, 1.0, 0.8272544865885451
0.7303130994244245, 0.5883911421057441, 1.0, 0.8272544865885451
0.3128591562787878, 0.496707385160018, 1.0, 0.7576834329273286
1.0, 0.8134178270483021, 0.763797557394611, 0.7576834329273286
0.7271669608008994, 0.6873666855925542, 1.0, 0.873977146588985
0.7303130994244245, 0.8134178270483021, 1.0, 0.7576834329273286
0.8398, 0.8908043732956653, 1.0, 0.3933718133594434
0.8398, 1.0, 1.0, 0.3933718133594434
0.7271669608008994, 0.8134178270483021, 0.7866408462394199, 1.0
0.7271669608008994, 0.7355413329347469, 1.0, 0.8272544865885451
1.0, 0.35227752575718163, 1.0, 0.4321623531286498
1.0, 0.2891723636007375, 1.0, 0.4321623531286498
1.0, 0.35227752575718163, 1.0, 0.5179920330530965
0.7271669608008994, 0.8134178270483021, 1.0, 0.4321623531286498
0.7271669608008994, 0.7355413329347469, 0.9225447856668431, 0.8272544865885451
1.0, 0.8908043732956653, 1.0, 0.8272544865885451
0.9282344328491652, 0.6873666855925542, 1.0, 0.873977146588985
0.8398, 0.8908043732956653, 0.957270542661415, 0.7576834329273286
1.0, 0.8908043732956653, 1.0, 0.3014289515242631
0.8398, 0.35227752575718163, 1.0, 0.4321623531286498
0.5345264378694716, 0.5006521952444379, 1.0, 0.873977146588985
0.7271669608008994, 0.8134178270483021, 1.0, 0.5179920330530965
1.0, 0.5866061687774917, 1.0, 0.7576834329273286
0.7271669608008994, 0.7355413329347469, 1.0, 0.8272544865885451
1.0, 0.587194625307961, 1.0, 0.6333268745456004
1.0, 0.5866061687774917, 1.0, 1.0
0.7271669608008994, 0.8134178270483021, 0.957270542661415, 0.7576834329273286
0.7271669608008994, 0.7355413329347469, 1.0, 1.0
0.8219455370505186, 0.5866061687774917, 1.0, 0.1671138681138178
0.7303130994244245, 1.0, 1.0, 0.7576834329273286
0.7271669608008994, 0.7355413329347469, 1.0, 0.8272544865885451
0.7271669608008994, 0.6873666855925542, 1.0, 0.873977146588985
0.8398, 0.36172733561729453, 1.0, 0.8272544865885451
0.7271669608008994, 0.8908043732956653, 1.0, 0.7576834329273286
0.7271669608008994, 0.7355413329347469, 1.0, 0.8272544865885451
0.7271669608008994, 0.6873666855925542, 1.0, 0.873977146588985
0.9975311408562698, 0.8134178270483021, 1.0, 0.5179920330530965
0.7271669608008994, 1.0, 0.957270542661415, 0.7576834329273286
0.7271669608008994, 0.5883911421057441, 1.0, 0.8272544865885451
0.7271669608008994, 0.7355413329347469, 0.9225447856668431, 0.8272544865885451
1.0, 0.8908043732956653, 0.957270542661415, 0.7576834329273286
0.7271669608008994, 0.8134178270483021, 0.957270542661415, 0.7576834329273286
0.5345264378694716, 0.6385299151297642, 1.0, 0.8272544865885451
0.7271669608008994, 0.5006521952444379, 1.0, 0.873977146588985
0.2689435333268302, 1.0, 1.0, 0.4321623531286498
1.0, 0.35227752575718163, 0.9225447856668431, 0.8272544865885451
1.0, 0.7355413329347469, 1.0, 0.8272544865885451
0.7271669608008994, 0.8772599411301395, 0.9225447856668431, 0.5829626531466325
0.7303130994244245, 0.6873666855925542, 1.0, 0.8272544865885451
0.7271669608008994, 0.7355413329347469, 1.0, 0.7448055035945212
0.7271669608008994, 0.5883911421057441, 0.9225447856668431, 0.8272544865885451
0.7271669608008994, 0.8134178270483021, 1.0, 0.5179920330530965
0.7271669608008994, 0.5883911421057441, 0.5807997535837797, 0.5133885491855498
0.7271669608008994, 0.7355413329347469, 1.0, 0.8272544865885451
0.8398, 0.8908043732956653, 1.0, 0.3933718133594434
0.5345264378694716, 0.5006521952444379, 1.0, 0.873977146588985
0.8398, 0.587194625307961, 1.0, 0.6333268745456004
1.0, 0.8908043732956653, 0.957270542661415, 0.4985051249514193
0.5345264378694716, 0.14290424681810976, 0.9235439979318895, 0.873977146588985
0.5345264378694716, 0.5006521952444379, 1.0, 0.873977146588985
0.7271669608008994, 0.7355413329347469, 1.0, 0.8272544865885451
1.0, 0.35227752575718163, 1.0, 0.4321623531286498
1.0, 0.5006521952444379, 1.0, 0.873977146588985
1.0, 0.35227752575718163, 1.0, 0.4321623531286498
0.8398, 0.8908043732956653, 1.0, 0.3933718133594434
0.7271669608008994, 0.7355413329347469, 1.0, 0.7448055035945212
0.7271669608008994, 0.5006521952444379, 1.0, 0.873977146588985
0.5345264378694716, 0.7355413329347469, 1.0, 0.7448055035945212
0.8398, 0.7878925544719633, 1.0, 0.3933718133594434
1.0, 0.5922405550805734, 1.0, 0.4321623531286498
0.7271669608008994, 0.587194625307961, 1.0, 0.6333268745456004
1.0, 1.0, 1.0, 1.0
0.7271669608008994, 0.35227752575718163, 1.0, 0.4321623531286498
0.8398, 0.8134178270483021, 0.7866408462394199, 1.0
0.5345264378694716, 0.8134178270483021, 1.0, 0.5179920330530965
0.9975311408562698, 0.5006521952444379, 1.0, 0.873977146588985
1.0, 0.35227752575718163, 1.0, 0.4321623531286498
1.0, 0.35227752575718163, 0.6869009119772483, 0.4321623531286498
1.0, 0.35227752575718163, 1.0, 0.4321623531286498
1.0, 0.35227752575718163, 0.8355929739752525, 0.5179920330530965
0.7271669608008994, 0.6873666855925542, 0.7866408462394199, 1.0
0.7271669608008994, 1.0, 1.0, 0.873977146588985
1.0, 0.2891723636007375, 1.0, 0.4321623531286498
0.8398, 0.35227752575718163, 1.0, 0.4321623531286498
0.5345264378694716, 0.4681172415177023, 1.0, 0.8037495424204526
1.0, 0.5006521952444379, 1.0, 0.873977146588985
0.7271669608008994, 0.7355413329347469, 1.0, 0.8272544865885451
0.7271669608008994, 0.7355413329347469, 1.0, 0.8272544865885451
0.7271669608008994, 0.8134178270483021, 1.0, 0.8272544865885451
0.7271669608008994, 0.5883911421057441, 0.957270542661415, 0.7576834329273286
0.7271669608008994, 0.7355413329347469, 1.0, 0.8272544865885451
0.845600810110739, 0.547603636896115, 1.0, 1.0
0.7599330291771593, 0.3368199357801668, 1.0, 0.873977146588985
0.5345264378694716, 0.8908043732956653, 1.0, 0.3933718133594434
0.7271669608008994, 0.6873666855925542, 1.0, 0.4321623531286498
1.0, 0.6127242538838995, 1.0, 0.873977146588985
0.8398, 0.5006521952444379, 1.0, 0.873977146588985
0.5345264378694716, 0.8908043732956653, 0.957270542661415, 0.7214088338342977
0.7271669608008994, 0.5883911421057441, 1.0, 0.8272544865885451
0.7271669608008994, 0.7355413329347469, 1.0, 0.8272544865885451
0.9975311408562698, 0.8908043732956653, 0.957270542661415, 0.7576834329273286
0.8398, 0.8134178270483021, 1.0, 0.5839165173091743
0.7271669608008994, 0.6873666855925542, 1.0, 0.873977146588985
1.0, 0.35227752575718163, 0.6187049872206654, 0.5179920330530965
1.0, 0.2891723636007375, 1.0, 0.4321623531286498
1.0, 0.2891723636007375, 1.0, 0.4254215484048183
1.0, 0.2891723636007375, 1.0, 0.2599565628803422
0.8398, 1.0, 1.0, 0.3933718133594434
0.30574052090141635, 0.6873666855925542, 0.7866408462394199, 1.0
0.8398, 0.8908043732956653, 1.0, 0.3933718133594434
1.0, 0.5883911421057441, 1.0, 0.5839165173091743
0.8398, 0.8134178270483021, 1.0, 0.8272544865885451
0.7271669608008994, 0.83361140209284, 1.0, 0.4321623531286498
0.9531891723542696, 0.35227752575718163, 1.0, 0.873977146588985
0.8398, 0.8134178270483021, 0.7346565761282748, 0.3933718133594434
0.8398, 0.7019723957813818, 1.0, 0.6793443171885942
1.0, 0.15069930564911327, 1.0, 0.4321623531286498
1.0, 0.35227752575718163, 1.0, 0.4321623531286498
0.5345264378694716, 0.4681172415177023, 1.0, 0.4321623531286498
1.0, 0.35227752575718163, 1.0, 0.8037495424204526
1.0, 0.35227752575718163, 1.0, 0.4321623531286498
1.0, 0.2891723636007375, 1.0, 0.4321623531286498
0.7271669608008994, 0.2110942729123999, 1.0, 0.4321623531286498
0.7271669608008994, 0.6873666855925542, 1.0, 0.873977146588985
0.5345264378694716, 0.14290424681810976, 0.9235439979318895, 0.873977146588985
0.5345264378694716, 0.5006521952444379, 1.0, 0.873977146588985
1.0, 0.2891723636007375, 0.9235439979318895, 0.873977146588985
0.5345264378694716, 0.14290424681810976, 1.0, 0.4321623531286498
0.5345264378694716, 0.4681172415177023, 1.0, 0.8037495424204526
0.5345264378694716, 0.14290424681810976, 0.9235439979318895, 0.873977146588985
1.0, 0.35227752575718163, 1.0, 0.4321623531286498
1.0, 0.35227752575718163, 1.0, 0.4321623531286498
0.8398, 0.5244136560977878, 0.7866408462394199, 1.0
0.5345264378694716, 0.4681172415177023, 0.6678204857413931, 0.6989419665718761
0.5345264378694716, 0.5006521952444379, 1.0, 0.873977146588985
0.5345264378694716, -0.1951805375381539, 1.0, 0.873977146588985
1.0, 0.5006521952444379, 1.0, 0.873977146588985
0.5345264378694716, 0.2891723636007375, 1.0, 0.4321623531286498
0.8398, 0.8908043732956653, 1.0, 0.3933718133594434
1.0, 0.35227752575718163, 0.6187049872206654, 0.5179920330530965
1.0, 0.35227752575718163, 1.0, 0.4321623531286498
1.0, 0.2891723636007375, 1.0, 0.5995199942600805
0.8398, 0.8134178270483021, 1.0, 0.8272544865885451
0.7271669608008994, 0.7355413329347469, 0.7866408462394199, 1.0
0.8398, 0.4681172415177023, 1.0, 0.8037495424204526
0.5345264378694716, 0.8134178270483021, 0.7866408462394199, 1.0
0.7933675982412586, 0.8908043732956653, 1.0, 0.3933718133594434
0.7271669608008994, 1.0, 0.43049799568751135, 1.0
1.0, 0.35227752575718163, 1.0, 0.4321623531286498
1.0, 0.7750474813277265, 1.0, 0.4321623531286498
0.7271669608008994, 0.8908043732956653, 1.0, 0.3933718133594434
0.8398, 0.6873666855925542, 0.5366821234790982, 0.9805483520829735
0.8247299001838861, 0.4681172415177023, 1.0, 1.0
0.5345264378694716, 0.4681172415177023, 1.0, 0.9049779117666391
0.5345264378694716, 0.8134178270483021, 1.0, 0.5839165173091743
0.8398, 0.14290424681810976, 0.9235439979318895, 0.873977146588985
0.8398, 0.8134178270483021, 0.7866408462394199, 1.0
0.7271669608008994, 0.7355413329347469, 1.0, 0.8272544865885451
0.5303445697812995, 1.0, 0.43049799568751135, 1.0
0.7271669608008994, 0.8134178270483021, 1.0, 0.8272544865885451
0.8398, 1.0, 0.7866408462394199, 1.0
0.7271669608008994, 0.4681172415177023, 1.0, 0.37527611196167143
0.8398, 0.8134178270483021, 1.0, 0.8272544865885451
0.8398, 0.8134178270483021, 0.7346565761282748, 0.2903345393829926
0.5345264378694716, 0.7104564566794682, 1.0, 0.873977146588985
0.5345264378694716, 0.5006521952444379, 1.0, 0.873977146588985
1.0, 0.356673156158683, 1.0, 0.8037495424204526
0.5345264378694716, 0.4681172415177023, 1.0, 0.5839165173091743
0.8398, 0.8134178270483021, 1.0, 0.9404256467469023
0.5178677778778966, 0.7019723957813818, 1.0, 0.6793443171885942
0.8398, 0.8134178270483021, 1.0, 0.8272544865885451
0.851149848746555, 0.8134178270483021, 0.95888151503822, 0.8272544865885451
0.5345264378694716, 0.5883911421057441, 1.0, 0.7701969677541906
1.0, 0.5006521952444379, 1.0, 0.9163089555277578
0.8398, 0.8134178270483021, 1.0, 0.8272544865885451
0.5641814171041293, 0.5006521952444379, 1.0, 0.873977146588985
1.0, 0.5883911421057441, 1.0, 0.8037495424204526
0.5345264378694716, 0.4681172415177023, 1.0, 0.9904288911544746
0.7271669608008994, 1.0, 0.43049799568751135, 1.0
0.3499984018338944, 0.6873666855925542, 0.8141993307397032, 0.873977146588985
0.30574052090141635, 0.545980822238408, 0.5556408363220667, 0.3933718133594434
0.8398, 0.8134178270483021, 0.7866408462394199, 1.0
0.8398, 0.8134178270483021, 1.0, 0.8272544865885451
0.8398, 0.8134178270483021, 1.0, 0.8272544865885451
0.8398, 0.8134178270483021, 1.0, 0.8272544865885451
0.5345264378694716, 0.4681172415177023, 1.0, 0.8037495424204526
1.0, 0.3627577797595283, 1.0, 0.873977146588985
0.5345264378694716, 0.2891723636007375, 1.0, 0.4321623531286498
0.5345264378694716, 0.4681172415177023, 1.0, 1.0
0.5345264378694716, 0.4681172415177023, 1.0, 0.8037495424204526
0.8398, 0.8908043732956653, 1.0, 0.873977146588985
0.7271669608008994, 0.6873666855925542, 1.0, 0.3933718133594434
0.5345264378694716, 0.8134178270483021, 1.0, 0.8037495424204526
0.5345264378694716, 0.4681172415177023, 0.7866408462394199, 0.8353389309880973
0.8398, 0.5006521952444379, 1.0, 0.873977146588985
0.5345264378694716, 0.8134178270483021, 0.7346565761282748, 0.3933718133594434
0.8398, 0.8908043732956653, 1.0, 0.873977146588985
0.7271669608008994, 0.6873666855925542, 1.0, 0.3933718133594434
1.0, 0.5883911421057441, 1.0, 0.5839165173091743
0.7271669608008994, 0.7355413329347469, 0.7866408462394199, 1.0
0.8398, 0.3521335357982539, 1.0, 0.4321623531286498
1.0, 0.35227752575718163, 1.0, 0.6793443171885942
0.5345264378694716, 0.07693815680358085, 1.0, 0.8272544865885451
0.8398, 0.8134178270483021, 1.0, 0.4321623531286498
0.5345264378694716, 0.7019723957813818, 1.0, 0.6793443171885942
0.8398, 0.4681172415177023, 1.0, 0.8037495424204526
0.8398, 0.8134178270483021, 1.0, 0.4321623531286498
0.851149848746555, 0.8134178270483021, 0.95888151503822, 0.8272544865885451
0.8398, 0.8134178270483021, 1.0, 0.8272544865885451
0.8398, 0.8134178270483021, 1.0, 0.9404256467469023
0.8398, 0.8908043732956653, 1.0, 1.0
0.8398, 0.8134178270483021, 0.8274897020207399, 1.0
0.5641814171041293, 0.8134178270483021, 1.0, 0.9404256467469023
0.8398, 0.16163656644336233, 1.0, 0.873977146588985
0.8398, 1.0, 1.0, 0.8037495424204526
0.5345264378694716, 0.6747389060896454, 1.0, 0.8572907020642397
0.8398, 0.8134178270483021, 1.0, 0.8272544865885451
0.8398, 0.8908043732956653, 1.0, 1.0
0.8398, 0.8134178270483021, 0.7346565761282748, 0.2903345393829926
0.8398, 0.8134178270483021, 1.0, 0.9404256467469023
0.5345264378694716, 0.4681172415177023, 1.0, 0.873977146588985
0.5345264378694716, 0.5006521952444379, 1.0, 0.8037495424204526
0.5345264378694716, 0.4681172415177023, 1.0, 0.8037495424204526
0.8398, 0.8134178270483021, 0.7866408462394199, 1.0
0.5303445697812995, 1.0, 1.0, 0.8272544865885451
0.8398, 0.8134178270483021, 0.43049799568751135, 1.0
0.8398, 0.8908043732956653, 1.0, 0.68690865950261
0.53602484769324, 0.8134178270483021, 0.7346565761282748, 0.2903345393829926
0.5345264378694716, 0.7355413329347469, 0.7866408462394199, 1.0
0.7271669608008994, 0.5006521952444379, 1.0, 0.873977146588985
0.8398, 0.8908043732956653, 1.0, 0.873977146588985
0.730526030765191, 0.8134178270483021, 1.0, 0.8272544865885451
1.0, 0.8134178270483021, 1.0, 0.5530402860767598
0.8398, 0.8134178270483021, 1.0, 0.8272544865885451
0.8398, 0.35145273695861534, 0.95888151503822, 0.8272544865885451
0.851149848746555, 0.8908043732956653, 1.0, 0.873977146588985
0.8398, 0.8134178270483021, 1.0, 0.8272544865885451
0.4953036032878916, 0.8134178270483021, 1.0, 0.8272544865885451
0.8398, 0.5006521952444379, 1.0, 0.873977146588985
0.5345264378694716, 0.8134178270483021, 1.0, 0.9404256467469023
0.7271669608008994, 0.6873666855925542, 0.6557905799076906, 0.873977146588985
0.3499984018338944, 0.7355413329347469, 0.7866408462394199, 1.0
0.7271669608008994, 0.7355413329347469, 0.7553295171694328, 0.8037495424204526
0.5345264378694716, 0.4681172415177023, 0.43374739364301584, 1.0
1.0, 0.5006521952444379, 1.0, 0.873977146588985
0.5641814171041293, 0.356673156158683, 1.0, 0.8037495424204526
1.0, 0.356673156158683, 1.0, 1.0
0.8398, 0.8908043732956653, 1.0, 0.8037495424204526
0.8398, 0.2466336025989352, 1.0, 0.873977146588985
0.4338906918550347, 0.8908043732956653, 1.0, 0.873977146588985
0.8398, 0.4681172415177023, 1.0, 0.8037495424204526
0.5345264378694716, 0.7008004902479986, 1.0, 0.8272544865885451
0.8398, 0.5063443624643869, 0.7346565761282748, 0.2903345393829926
0.8398, 0.8908043732956653, 1.0, 0.4760224380377833
0.8398, 0.8134178270483021, 1.0, 0.5255401395426624
0.8398, 0.8134178270483021, 1.0, 0.8272544865885451
0.7271669608008994, 0.8134178270483021, 1.0, 0.8272544865885451
0.8398, 1.0, 0.6557905799076906, 0.873977146588985
0.8398, 0.8134178270483021, 1.0, 0.9404256467469023
0.8398, 0.8134178270483021, 1.0, 0.9404256467469023
0.8398, 0.8134178270483021, 0.8274897020207399, 0.509411308238928
0.8398, 0.8908043732956653, 1.0, 0.8037495424204526
0.8398, 0.4135229376390678, 1.0, 0.8272544865885451
0.7271669608008994, 0.6873666855925542, 0.6557905799076906, 0.873977146588985
0.8398, 0.8134178270483021, 0.7346565761282748, 0.5511318044810357
0.7271669608008994, 1.0, 0.6557905799076906, 0.873977146588985
0.43066115595993326, 0.8134178270483021, 1.0, 0.8037495424204526
0.5345264378694716, 0.20806601621437404, 1.0, 0.4321623531286498
0.7271669608008994, 0.7355413329347469, 1.0, 0.873977146588985
0.744088326990986, 0.5006521952444379, 0.7553295171694328, 0.8037495424204526
0.5345264378694716, 0.8134178270483021, 0.95888151503822, 0.8272544865885451
0.6917279985954904, 0.7355413329347469, 0.7866408462394199, 1.0
0.8398, 0.8908043732956653, 0.7553295171694328, 0.8037495424204526
0.7271669608008994, 0.7355413329347469, 1.0, 0.8037495424204526
0.8398, 0.8134178270483021, 0.8274897020207399, 1.0
0.8398, 0.8908043732956653, 1.0, 0.8037495424204526
0.8398, 0.8134178270483021, 1.0, 0.49931344524583576
0.8398, 0.8908043732956653, 1.0, 0.8272544865885451
0.8398, 0.8908043732956653, 1.0, 0.873977146588985
0.8398, 0.8134178270483021, 0.43049799568751135, 1.0
0.8398, 0.8134178270483021, 0.7346565761282748, 0.2903345393829926
0.7271669608008994, 0.7355413329347469, 0.7553295171694328, 0.8037495424204526
0.8398, 0.8134178270483021, 1.0, 0.8272544865885451
0.7271669608008994, 0.6873666855925542, 0.6557905799076906, 0.873977146588985
0.8398, 0.8134178270483021, 1.0, 0.8272544865885451
0.8398, 0.8134178270483021, 1.0, 0.8272544865885451
0.8398, 0.7355413329347469, 0.7553295171694328, 0.8037495424204526
0.7271669608008994, 0.8134178270483021, 1.0, 0.831113664643285
0.8398, 0.8908043732956653, 1.0, 0.873977146588985
0.8398, 0.8908043732956653, 1.0, 0.34881893334651026
0.8398, 0.8134178270483021, 0.7346565761282748, 0.2903345393829926
0.44803391432872564, 0.8134178270483021, 1.0, 0.9404256467469023
0.8398, 0.8134178270483021, 0.8274897020207399, 1.0
0.8398, 0.8134178270483021, 0.7346565761282748, 0.2903345393829926
0.851149848746555, 0.8908043732956653, 0.7346565761282748, 0.2903345393829926
1.0, 0.8134178270483021, 1.0, 0.873977146588985
0.8398, 0.8908043732956653, 1.0, 0.9404256467469023
0.8398, 0.8134178270483021, 1.0, 0.873977146588985
0.8398, 0.8134178270483021, 1.0, 0.5255401395426624
0.8398, 0.8134178270483021, 1.0, 0.8272544865885451
1.0, 0.8134178270483021, 1.0, 0.8272544865885451
0.8398, 0.8908043732956653, 1.0, 0.873977146588985
0.8398, 0.8134178270483021, 1.0, 0.5255401395426624
0.851149848746555, 0.8134178270483021, 0.95888151503822, 0.8272544865885451
0.8713580853810616, 0.8908043732956653, 1.0, 0.873977146588985
0.5345264378694716, 0.7355413329347469, 0.7866408462394199, 1.0
0.8398, 0.8134178270483021, 0.8190817434712153, 0.9404256467469023
0.8398, 0.8908043732956653, 0.7346565761282748, 0.2903345393829926
1.0, 0.8134178270483021, 1.0, 0.8272544865885451
0.5345264378694716, 0.20806601621437404, 0.649721137933717, 0.4321623531286498
1.0, 0.49856085917566473, 0.7866408462394199, 1.0
0.5345264378694716, 0.7355413329347469, 0.7553295171694328, 0.8037495424204526
1.0, 0.7355413329347469, 1.0, 0.9404256467469023
0.8398, 0.4290559840200181, 0.7866408462394199, 0.5687397150625522
0.34020921319799335, 0.7169995640147867, 0.9510303672704262, 0.8272544865885451
1.0, 0.8134178270483021, 0.7866408462394199, 1.0
0.7942206682559697, 0.7355413329347469, 0.7866408462394199, 1.0
0.5345264378694716, 0.8134178270483021, 1.0, 0.8146057955633184
0.8398, 0.8134178270483021, 1.0, 0.8272544865885451
0.8398, 0.8134178270483021, 1.0, 0.5255401395426624
0.8398, 0.8134178270483021, 0.7346565761282748, 0.6261598204888211
0.8398, 0.8134178270483021, 1.0, 0.5255401395426624
0.8398, 0.8908043732956653, 1.0, 0.8037495424204526
0.8398, 0.8134178270483021, 1.0, 0.8272544865885451
0.7271669608008994, 0.8134178270483021, 1.0, 0.4198914978543541
1.0, 0.6873666855925542, 0.6557905799076906, 0.873977146588985
0.8398, 0.5374942842806762, 0.7866408462394199, 1.0
0.6917279985954904, 1.0, 1.0, 0.8037495424204526
0.8713580853810616, 0.8908043732956653, 1.0, 0.873977146588985
0.8398, 0.8134178270483021, 0.7346565761282748, 0.2903345393829926
0.8398, 0.8908043732956653, 1.0, 0.9404256467469023
0.8398, 0.8134178270483021, 1.0, 0.5255401395426624
0.7058782578071118, 0.8134178270483021, 0.6557905799076906, 0.873977146588985
0.7271669608008994, 1.0, 0.7346565761282748, 0.2903345393829926
0.8398, 0.8134178270483021, 1.0, 0.8272544865885451
0.8398, 0.8908043732956653, 1.0, 0.873977146588985
0.7506212742782614, 0.8908043732956653, 0.5090300525522435, 0.9404256467469023
0.8398, 1.0, 0.95888151503822, 0.8272544865885451
0.8398, 0.8134178270483021, 1.0, 0.8272544865885451
0.8398, 0.8134178270483021, 0.8274897020207399, 1.0
0.8398, 1.0, 0.6557905799076906, 0.873977146588985
0.7271669608008994, 0.8908043732956653, 1.0, 0.8272544865885451
0.8398, 1.0, 1.0, 0.6295677005289817
1.0, 0.8134178270483021, 0.6557905799076906, 0.873977146588985
0.851149848746555, 0.8594410993325259, 1.0, 1.0
0.8398, 0.8908043732956653, 0.95888151503822, 0.8272544865885451
0.7743068761902762, 0.8908043732956653, 1.0, 0.5655815087470062
0.8398, 0.8908043732956653, 1.0, 0.873977146588985
0.8398, 0.8908043732956653, 1.0, 0.8272544865885451
0.8398, 0.8134178270483021, 1.0, 0.873977146588985
0.5345264378694716, 0.7355413329347469, 0.7866408462394199, 1.0
0.8398, 0.8134178270483021, 1.0, 0.8272544865885451
0.8398, 1.0, 1.0, 0.4321623531286498
0.5345264378694716, 0.20806601621437404, 0.6557905799076906, 0.873977146588985
0.8713580853810616, 1.0, 0.6557905799076906, 0.873977146588985
0.7271669608008994, 0.738154360750367, 1.0, 0.873977146588985
0.7506212742782614, 0.5736387367547781, 0.5090300525522435, 0.9404256467469023
0.8398, 0.8908043732956653, 1.0, 0.9404256467469023
0.8398, 0.8908043732956653, 0.8845209593421895, 0.873977146588985
0.7942206682559697, 0.7355413329347469, 0.7866408462394199, 1.0
0.8398, 1.0, 0.6557905799076906, 0.873977146588985
0.8398, 0.8908043732956653, 1.0, 0.873977146588985
1.0, 0.7355413329347469, 0.6557905799076906, 0.873977146588985
0.8713580853810616, 1.0, 0.7866408462394199, 1.0
0.8398, 0.9040228882510096, 0.5090300525522435, 0.9404256467469023
0.7506212742782614, 0.9868878631749952, 1.0, 0.873977146588985
0.8398, 0.7970441010902661, 1.0, 0.8272544865885451
0.8398, 0.8134178270483021, 1.0, 0.5255401395426624
0.8398, 0.8908043732956653, 1.0, 0.8272544865885451
0.38098736392585764, 0.8908043732956653, 1.0, 0.8272544865885451
0.8398, 0.7245823731421409, 1.0, 0.8272544865885451
1.0, 0.8134178270483021, 1.0, 0.7059472317094412
0.7942206682559697, 0.7355413329347469, 0.7866408462394199, 1.0
0.5538032558992104, 0.7355413329347469, 0.7866408462394199, 1.0
1.0, 0.67548162400777, 0.49663294580287776, 0.873977146588985
0.8398, 1.0, 1.0, 0.8272544865885451
0.4029185426577242, 1.0, 0.6557905799076906, 0.873977146588985
1.0, 0.8134178270483021, 1.0, 0.5255401395426624
1.0, 0.4248192802845605, 1.0, 0.8037495424204526
0.3994420990803831, 0.8908043732956653, 1.0, 0.9404256467469023
0.8398, 0.8908043732956653, 0.9731427327051362, 0.8272544865885451
0.8398, 0.8908043732956653, 1.0, 0.873977146588985
0.7506212742782614, 0.8908043732956653, 1.0, 0.9404256467469023
1.0, 0.8908043732956653, 0.9072371067057757, 0.9404256467469023
0.9493967848249578, 0.8908043732956653, 1.0, 0.8272544865885451
1.0, 0.7644384239091124, 1.0, 0.9404256467469023
0.7506212742782614, 0.8908043732956653, 0.5090300525522435, 0.9404256467469023
0.8398, 0.8908043732956653, 1.0, 0.3907613280815161
0.9585950708487815, 0.7355413329347469, 0.7553295171694328, 0.8037495424204526
0.8398, 1.0, 0.6557905799076906, 0.873977146588985
0.8398, 0.8908043732956653, 0.7346565761282748, 0.34738470853808245
0.8713580853810616, 1.0, 0.6557905799076906, 0.873977146588985
0.7653607882972041, 1.0, 0.6557905799076906, 0.873977146588985
0.7506212742782614, 0.8908043732956653, 0.5090300525522435, 0.9404256467469023
0.8398, 1.0, 0.6557905799076906, 0.873977146588985
0.8398, 0.8134178270483021, 1.0, 0.5255401395426624
0.8398, 0.8908043732956653, 1.0, 0.9404256467469023
0.8398, 0.8908043732956653, 1.0, 0.8272544865885451
0.7942206682559697, 0.7355413329347469, 1.0, 0.8037495424204526
0.8398, 0.8908043732956653, 0.7866408462394199, 1.0
0.8398, 0.8134178270483021, 0.6557905799076906, 0.873977146588985
1.0, 0.8908043732956653, 1.0, 0.5727538146958849
0.7058782578071118, 0.8134178270483021, 0.6557905799076906, 0.433066121651953
1.0, 0.7355413329347469, 1.0, 1.0
0.8398, 0.8908043732956653, 0.7346565761282748, 0.2903345393829926
0.8398, 0.8908043732956653, 0.7346565761282748, 0.2903345393829926
0.5538032558992104, 0.7355413329347469, 0.23929800930522194, 0.8028632297763763
0.8398, 1.0, 0.7866408462394199, 1.0
0.5538032558992104, 0.7355413329347469, 0.6557905799076906, 0.873977146588985
0.8713580853810616, 1.0, 0.7866408462394199, 1.0
0.8398, 0.9040228882510096, 0.5090300525522435, 0.9404256467469023
0.8398, 0.9040228882510096, 0.5090300525522435, 0.5487132705971418
0.8398, 1.0, 0.8876396677106945, 0.873977146588985
0.4029185426577242, 1.0, 0.5090300525522435, 0.9404256467469023
0.8398, 0.7425351779518455, 1.0, 0.9404256467469023
1.0, 0.7644384239091124, 1.0, 0.4733119936340623
1.0, 0.8239887472229099, 1.0, 0.8272544865885451
0.9493967848249578, 0.7644384239091124, 1.0, 1.0
0.8398, 0.9040228882510096, 0.35521760115127765, 0.9404256467469023
0.4029185426577242, 1.0, 0.6557905799076906, 1.0
1.0, 0.9040228882510096, 0.5090300525522435, 0.9404256467469023
0.8398, 0.8908043732956653, 1.0, 0.9404256467469023
0.5538032558992104, 0.9023026229583426, 1.0, 0.8272544865885451
0.8398, 0.7355413329347469, 0.7866408462394199, 1.0
1.0, 0.7644384239091124, 0.6938977563793982, 0.8272544865885451
0.8398, 0.8908043732956653, 1.0, 0.9404256467469023
0.8398, 1.0, 0.6557905799076906, 0.873977146588985
0.8398, 0.9040228882510096, 0.5090300525522435, 0.9562741895076274
0.4029185426577242, 1.0, 0.6557905799076906, 0.9760164803745413
0.7942206682559697, 0.38549002419869227, 1.0, 0.8037495424204526
0.8398, 0.7970441010902661, 1.0, 0.8062725535006253
0.8398, 0.9945552125933533, 1.0, 0.873977146588985
0.4029185426577242, 1.0, 0.5090300525522435, 0.9404256467469023
0.8398, 1.0, 0.6557905799076906, 0.873977146588985
0.8398, 1.0, 0.5090300525522435, 0.9404256467469023
0.8398, 0.9040228882510096, 0.5006423100113313, 0.873977146588985
0.8398, 0.8134178270483021, 1.0, 0.26947658555954146
0.8398, 0.30818068609035654, 1.0, 0.8272544865885451
0.7942206682559697, 0.7355413329347469, 0.5090300525522435, 0.9404256467469023
0.8398, 0.9040228882510096, 0.7917775448845157, 0.8037495424204526
0.9493967848249578, 0.8908043732956653, 1.0, 0.7059472317094412
1.0, 0.8134178270483021, 1.0, 0.8272544865885451
0.8067611304599022, 0.30240362157015666, 0.7866408462394199, 1.0
0.7942206682559697, 0.7355413329347469, 1.0, 0.8037495424204526
0.8398, 0.7752214058887409, 0.7130735593504355, 1.0
0.8713580853810616, 0.7970441010902661, 1.0, 0.8272544865885451
0.8398, 1.0, 0.6557905799076906, 0.873977146588985
0.4029185426577242, 1.0, 1.0, 0.8272544865885451
0.8713580853810616, 1.0, 1.0, 0.8037495424204526
0.7942206682559697, 1.0, 0.6557905799076906, 0.873977146588985
1.0, 0.8134178270483021, 1.0, 0.7059472317094412
1.0, 0.7644384239091124, 1.0, 0.9404256467469023
0.7942206682559697, 1.0, 0.6557905799076906, 0.873977146588985
0.4029185426577242, 0.7355413329347469, 0.7866408462394199, 1.0
0.7864557258533682, 1.0, 0.6147427396002095, 1.0
0.7723333976740351, 1.0, 0.6557905799076906, 0.873977146588985
0.8398, 0.9040228882510096, 0.5090300525522435, 0.9404256467469023
0.8398, 0.9040228882510096, 0.5090300525522435, 0.9404256467469023
0.9493967848249578, 0.8908043732956653, 1.0, 0.32111234886078677
1.0, 0.8134178270483021, 1.0, 0.8272544865885451
1.0, 0.7970441010902661, 1.0, 1.0
0.8085234266350584, 1.0, 0.8014060994346361, 1.0
0.8398, 0.7970441010902661, 1.0, 0.7059472317094412
0.9493967848249578, 0.8908043732956653, 1.0, 0.8062725535006253
0.6568196164841119, 1.0, 1.0, 0.8062725535006253
0.8398, 0.7970441010902661, 0.6557905799076906, 1.0
0.4029185426577242, 0.7970441010902661, 1.0, 0.8062725535006253
0.8398, 0.7355413329347469, 0.7866408462394199, 1.0
0.6767544395785657, 0.9040228882510096, 0.35521760115127765, 0.9404256467469023
0.4029185426577242, 0.27396750242603385, 0.5852900838233631, 1.0
0.8398, 0.9040228882510096, 0.5090300525522435, 0.9404256467469023
1.0, 0.7644384239091124, 1.0, 0.9404256467469023
0.7942206682559697, 0.7355413329347469, 0.5090300525522435, 0.9404256467469023
0.8713580853810616, 0.7970441010902661, 1.0, 0.8272544865885451
0.8398, 0.7970441010902661, 1.0, 0.694878846904885
0.8145631520578963, 1.0, 0.5006423100113313, 0.873977146588985
1.0, 0.7355413329347469, 0.17276456031104637, 0.873977146588985
0.5538032558992104, 0.7644384239091124, 1.0, 0.9404256467469023
1.0, 1.0, 0.7866408462394199, 1.0
0.8713580853810616, 1.0, 0.7866408462394199, 1.0
0.5463799168738459, 0.7355413329347469, 0.6557905799076906, 0.873977146588985
0.5538032558992104, 0.7355413329347469, 0.6557905799076906, 0.873977146588985
0.5538032558992104, 0.3397581300327437, 0.23929800930522194, 1.0
1.0, 0.9040228882510096, 0.8176792702815292, 0.24399854244064778
0.8713580853810616, 1.0, 0.7866408462394199, 1.0
0.4029185426577242, 0.7355413329347469, 0.7866408462394199, 1.0
0.43405318451603214, 0.7355413329347469, 1.0, 0.8037495424204526
0.8398, 0.48095403531682235, 0.15022776523352377, 0.9404256467469023
0.4029185426577242, 0.7355413329347469, 0.6658014433402419, 0.873977146588985
0.9619515863294108, 1.0, 0.7866408462394199, 1.0
0.8398, 0.6421370122874343, 0.5006423100113313, 0.873977146588985
0.8398, 1.0, 0.7866408462394199, 1.0
1.0, 0.9040228882510096, 0.5090300525522435, 0.9404256467469023
0.8398, 0.8134178270483021, 1.0, 0.8272544865885451
0.4029185426577242, 1.0, 0.7866408462394199, 1.0
0.8398, 1.0, 0.6557905799076906, 1.0
1.0, 0.48498201717316425, 1.0, 0.36401284970795866
0.8398, 0.8134178270483021, 1.0, 0.8272544865885451
0.8713580853810616, 0.7970441010902661, 0.7866408462394199, 1.0
0.8713580853810616, 1.0, 1.0, 0.8272544865885451
0.8398, 0.9040228882510096, 0.5090300525522435, 0.5487132705971418
0.8398, 0.9040228882510096, 0.5090300525522435, 0.6628429924720021
0.7723333976740351, 1.0, 0.8541370969533804, 0.873977146588985
0.5538032558992104, 0.7355413329347469, 0.6557905799076906, 0.873977146588985
0.8713580853810616, 0.7355413329347469, 0.5090300525522435, 0.9404256467469023
0.7942206682559697, 1.0, 0.7866408462394199, 1.0
0.8713580853810616, 0.9040228882510096, 0.805284171372482, 0.6628429924720021
0.8398, 1.0, 0.7866408462394199, 1.0
0.4029185426577242, 0.7355413329347469, 0.7866408462394199, 1.0
0.9493967848249578, 0.8908043732956653, 1.0, 0.8062725535006253
0.7942206682559697, 0.8647002748256121, 1.0, 0.36401284970795866
1.0, 1.0, 0.7866408462394199, 1.0
0.5538032558992104, 0.7355413329347469, 1.0, 0.7059472317094412
