2.260869215641878, -1.2157964108297719, 0.41846380045607434, 0.45440578359698025, -1.7313226577426375
1.6896588619031467, -0.007563482743119351, 0.009690702771596027, 0.003963893662776145, -0.14158325189950624
0.0818857614139849, 9.22360163989781e-05, 0.013671994450277183, 0.004051573906437042, -0.00016688029508697252
1.4325805547216615, 0.10532112422796523, 0.8656515423677359, 0.37474223813863344, 0.179849267542034
1.5245300747108146, 0.32145936847935197, 0.2885064392981294, 0.5439050367700381, 0.5132608728696197
0.3467114630245237, 0.0023417688594689896, 0.006078827878246468, 0.002839872263834465, 0.034530049057510205
1.5047216397183385, -0.022597588140569093, 0.17739167828540117, 0.05317644176426164, -0.1576328359380574
1.0297926615745294, 0.046364468849845804, 0.4314840354581244, 0.4962665634263687, 0.025843315114724916
0.8198339484892737, -0.49651066644765224, 0.20649951454642182, 0.588196088984796, -0.732856496983844
0.16370871647283264, -0.07543640825455167, 0.5336114356065846, 0.6078865140101244, -0.1272920406610196
0.3318336283450978, -0.08876863479949769, 0.06936742648119046, 0.09528539191378112, -0.29571894824595957
0.13819596908309045, -0.008677614123785992, 2.8735362835512566e-05, 0.004438138505543527, -0.1302094153718535
0.7060562009980442, 0.12111360242822813, 0.5888163091399161, 0.27857865252636765, 0.05041229302501256
1.7198058901137088, 0.07762348683069933, 0.15379167883407682, 0.019608332306868537, 0.3530365094642444
0.5466691103162615, 0.015031151358132185, 0.0042342946312336665, 0.0033725514889370116, 0.2559301911425884
0.47241256498975576, 0.1630806112486517, 0.14115715701393092, 0.5297385196386482, 0.2167953517452826
0.09948499840048802, 0.008568034074341752, 0.34860992899629006, 0.3975486344877445, 0.01541044263362773
1.7375354674101349, -0.10280975825716458, 0.43371407750463686, 0.5407727468235957, -0.17875029428221878
2.9739157821534246, 1.4140188880997147, 0.1029570498152485, 0.2374230296390215, 2.9379947808312834
0.6039160748563716, 0.21481113961429743, 0.6343213069595116, 0.23994762244204768, 0.4839066020871763
1.8596137276321258, 0.17586912337377844, 0.0033839214994166437, 0.009823337219528034, 1.813723311962422
0.38315920653631397, 0.025606746629887524, 0.44224642973500045, 0.5403186581045587, 0.04756322030577098
1.0069435113952276, -0.06685750811960046, 1.260715196351449, 0.41286712991594077, -0.09464883208103272
1.890552060937789, -0.45619111212531416, 0.26606268593259697, 0.10252528209490551, -1.4333831132936294
0.1665614352082865, 0.025267222021972333, 0.8576358113275845, 0.6235092790809765, 0.04339021427923677
0.8464034124018985, -0.18935787741858293, 0.5081277259610678, 0.12444981309361705, -0.5607644626417067
2.8195790214750485, -1.607360842695847, 0.18377227882628194, 0.37114854453945134, -2.6735363128975735
0.38005392956266365, 0.09548388547797539, 0.5964724345107658, 0.6259924083454805, 0.10124348542468617
0.7978149042429947, -0.18211051099704542, 0.39779153830171965, 0.11717717416832057, -0.5078501977981555
0.39345878907150444, 0.0033028823349107333, 1.0568252675932424, 0.45133391092247166, 0.006343702345121457
0.6508863185233379, 0.34299325774580053, 0.5803806767804219, 0.38696355737976285, 0.5288048146364394
0.22097939368355718, 0.013434339899463245, 0.09376621586591549, 0.01975374232035384, 0.07996128482705162
0.6388829333333336, 0.03687611266873662, 0.6534086736643562, 0.1439971972051697, 0.06310336097323288
0.18689831111111135, -0.011304270645969214, 0.7394214292960719, 0.17583073191917148, -0.017931289659728608
0.3785863394148563, 0.05298374022109943, 0.2442957322688106, 0.5645666722378012, 0.07773806632284733
1.189237893748538, 0.08879399235565963, 0.4507161087359999, 0.5728387094467343, 0.11702592691809369
0.631234187782402, -0.03247735852240689, 0.6493358313223581, 0.526359471806157, -0.04946198547076705
0.39354517370404307, 0.01692146056588566, 0.2507769629174388, 0.5489064072301995, 0.023563720759776387
0.09248963090957857, 0.013663528455945553, 0.6931817050531964, 0.3152226420529253, 0.028655755867491788
1.796670416661025, -0.5362633706775379, 0.14249099045561076, 0.14485070411699522, -1.3953631069936505
1.1993085814454179, -0.1739072367039429, 0.06776871621108682, 0.03349659189779634, -0.9189100912724419
0.10011060969585063, -0.0019607373945739826, 0.005793797424288758, 0.002789596723998919, -0.034387614098643375
0.25684901762189505, -0.08748686996830696, 1.0258178397101423, 0.4586819125763113, -0.15602643599634666
1.79920420070746, -0.22067063652899319, 0.30584716824996283, 0.497804351529046, -0.21190541078680433
1.7729782551877762, 0.7547465105273209, 0.6253273753563813, 0.3082431739589773, 1.258897785555293
1.5951801621448523, 0.00168538678022505, 0.06592348821196169, 0.06486108923379955, 0.01749791555115912
0.902951259002467, -0.06509595255098892, 0.6525291898127334, 0.3036322360323447, -0.08858016611123049
3.611979816092423, 1.8031351923361003, 0.2663033863674877, 0.27664720505174406, 3.520066209429392
1.4670628446433402, 0.08784090621505976, 0.0716691012426001, 0.015201164568128084, 0.5095068736169647
1.4800852032441367, -0.9400934000904225, 0.2391731188698527, 0.5691863405681413, -1.308590922243068
0.9488164726733211, -0.05643127712142253, 0.6655082863073157, 0.43086818234048807, -0.05231318412290939
0.25446266148242663, -0.014653810842687345, 0.44361634718480664, 0.5342911513321493, -0.0005688560733018031
0.6460763721208009, 0.14753357457607794, 1.5286811773964954, 0.5561658542183371, 0.35288402247662143
0.5159390193659957, -0.018748835478147544, 0.5656115747193138, 0.33520539094056195, -0.025032458773979957
0.03759037964368419, -0.00017715082253576264, 0.4979595483761677, 0.4024280860711802, -0.00015839074251454
2.0410302000000007, -0.4263396118973927, 0.00593395290889781, 0.04443170524295532, -2.0319913479909117
2.5659507466306546, -0.4641224206395751, 0.474197128798804, 0.38595096221548025, -0.43807135855612694
1.0289416489478596, 0.04445924967037837, 0.033420967103835963, 0.010063262921281109, 0.36149642225202816
1.124926941474518, -0.03677964419478352, 0.3248611380723457, 0.36073589794697014, -0.030792368428793272
0.6116990252721911, -0.041314702595872, 4.9735429165110515e-06, 0.004617751985191339, -0.607940590230952
2.134654443181768, 0.17638636879448394, 0.1438212676619747, 0.02419440806486423, 0.9015040509262306
0.9109372047005121, 0.05636932307859834, 0.057887524324533424, 0.012301176022118538, 0.3412764878305785
1.0780322410820569, -0.22767453774188112, 0.12127984018566652, 0.06379591385547076, -0.902818963506486
3.331402435646078, -1.4968097189190845, 0.6057129742965347, 0.3150574868722339, -2.3567451960422954
1.8693786419295888, -0.8880542009983834, 0.05791376843495569, 0.23392171092165678, -1.8489978941326144
2.0932489838350294, 0.951490072769636, 0.7911306682946627, 0.3981091882509434, 1.654595627535244
0.7862018351400886, 0.028027596791932743, 0.41237497015059327, 0.4390495681215441, 0.005018224817492415
0.6801159061735621, 0.0016776909386519204, 0.11501177065317973, 0.028747224397184738, -0.009814331864267598
2.9092236449411994, -1.5274381208460397, 0.7294080087073697, 0.4500368634436608, -2.4552920722027043
0.9891046904727232, -0.587081941955325, 0.44121563160815536, 0.48681560538386265, -0.8833592466094555
0.9595646944256278, -0.19155113035629356, 0.35160873799294656, 0.5680050742047732, -0.26503923457391865
0.37469653091869126, -0.05091700103365196, 1.2122899071399198, 0.46116517994961725, -0.09522091871778939
0.4154632066260405, 0.015275227939270521, 0.1688125388998583, 0.14124002737615216, 0.0409093962868326
1.2835830594960973, -0.08325245313708537, 0.39790149608012326, 0.42935094100003224, -0.053397417805435436
1.3256008273853692, -0.26210930787716874, 0.0791044395775127, 0.0395157583908241, -1.173935281518246
1.3832297543633367, -0.08072164205550343, 0.23701874881809412, 0.5660924659038412, -0.08154647206573143
0.49172935588851, -0.058699036807625886, 0.2536265822082786, 0.5826293570281255, -0.08460713663919499
1.0191805841074553, 0.03445449660524096, 0.015178553697378137, 0.005419118015307418, 0.3899942646286575
1.7246388731439923, -0.058525683657409594, 0.811588876962731, 0.3625158537875657, -0.09150092029233532
0.5477136418373014, -0.3370212988145295, 0.1614431515481764, 0.6711418311070301, -0.483031377361745
2.186335254192281, 0.549039745116437, 1.5221066946164905, 0.31309463008928057, 1.279379312063248
0.5849080586263419, 0.003360329360473484, 0.009050770564904071, 0.0034164886100959756, 0.023644493297946392
2.483728656605313, 0.08077653457734545, 0.29191756765435195, 0.32837498102891916, -0.005167916889522935
1.6932907465037714, -0.08240764788515081, 0.18615377080016077, 0.4610996510630111, -0.05368094195122776
1.1768608933247036, 0.35881884840923256, 1.586212716079951, 0.35031199423791953, 0.7869777456245229
1.003383015441511, -0.06929518546634013, 8.18775667394234e-06, 0.00485406463982924, -0.994409881492874
0.11822048756843216, 0.000783133360588181, 0.81720223382005, 0.2717819532941649, 0.00023334847967716122
2.9806572010930292, 0.5240521908290178, 0.21584457265706136, 0.07559755634948369, 1.8008868099503277
0.5003021917281398, 0.11819185860577167, 1.052032126375916, 0.49784601886941793, 0.2609758943254395
1.8024495747793317, 0.01487214547048158, 0.3322248652173078, 0.1851904785777888, 0.037255113113437995
2.1815635733864447, 0.4225623307075547, 0.22460855007943714, 0.05115970366966434, 1.8276007180258471
1.364627664623317, -0.036221167209910685, 0.4796669579864015, 0.5310250791041442, -0.033637610613285684
0.37457043305518417, 0.01432837145206167, 0.0082767510189035, 0.003054927094138773, 0.19576242480507577
2.989804917645494, -1.4678384246848808, 0.7481886838945481, 0.38719623701454076, -2.415447237322072
0.10342053333333368, 0.004524181723182304, 0.4021608009110536, 0.18605317212385125, 0.026106626543861075
0.21461421386396293, -0.0172449926412174, 0.7071486111503061, 0.258078400648043, -0.015377215721222512
1.631066198831785, -0.10287780650502812, 0.4315765446658194, 0.4377162181622426, -0.07322318850253719
0.5503124, 0.12231779431889517, 0.06665761734223254, 0.07930235837901453, 0.4448315888877291
0.23176922095327598, -0.0683158813883815, 0.11870524344429575, 0.217157848029949, -0.14316370082108024
0.47304972582120913, -0.03214733879514698, 0.4285946851216091, 0.47277296291132276, -0.004445643761883968
2.188870824371519, 0.5056370184716397, 1.1175211892457002, 0.3643881461998248, 0.8509330944599398
1.3365084076442628, 0.7254665547277933, 0.7249366950713807, 0.4655283033390675, 1.1766380938034857
1.3666848567385868, 0.2079284375521192, 0.44770135851296544, 0.4995948975174426, 0.20120844378305786
0.547653446960251, 0.025813701631654414, 0.6634303569082962, 0.4204090887776367, 0.05447784652808039
0.3000588264973628, 0.006299860788940384, 0.4297964337643936, 0.1647231881006374, 0.015820188524609445
1.4314422193435081, -0.20305727037404867, 0.18196570720387395, 0.5102759080266686, -0.34201588189602994
2.183895635449934, 1.2915833136966657, 0.062065570738191515, 0.3581204369186922, 2.1673011280364043
1.8434425772670844, -1.1912598178105056, 0.1298202059799819, 0.519526307564221, -1.654785685813648
1.955687354772529, -0.24901808131788095, 0.05227602692930461, 0.022803492382514935, -1.6673187502187665
1.0901755375138429, -0.11114285449630332, 0.678092157120026, 0.45644000288832953, -0.289723119772886
1.5294579124022312, -0.5013055612048712, 1.4862556789218795, 0.38272015102006146, -1.0328367095695423
2.808371780040485, -1.229075531481389, 0.07920204751911786, 0.20319867019465332, -2.751397251053143
1.2511285103386771, -0.007009740258669604, 1.5654679849501891, 0.42371291857825477, 0.2309459051885648
0.3840428827764525, 0.10424894319017276, 0.9890591539681275, 0.4831199310361668, 0.2235799806647741
2.2178672067114387, -0.6191491946869347, 0.07061232852412407, 0.08490368875454456, -2.1644998007912006
1.4629023870159132, 0.8166442542634273, 0.6970703735726441, 0.4907500072725841, 1.2662503589637655
0.7575290552586494, 0.018374617440914894, 0.01046019185358903, 0.004535817896070798, 0.23423228627357232
1.5687484294611347, 0.10997333814510463, 0.24197958292066757, 0.034885382162088016, 0.6926527017280136
2.314572864271324, -1.1578529930728028, 0.45361384897313856, 0.42507474220015673, -1.954616641581956
2.455852303308239, -1.3970054048929221, 0.393060052682628, 0.4730207846668233, -2.1739466173287734
0.4809810158989092, 0.012906774346522489, 0.4347471877427326, 0.533490496205469, 0.07121736520793195
0.5697606462967226, -0.08889650237592575, 0.8455746245167307, 0.4464680728727389, -0.09237208302269159
0.6851716578750876, 0.01016539033902225, 0.007750176662805949, 0.003154743392671229, 0.15071126454476066
0.5112063638056361, 0.02447656760929319, 1.0771422452516537, 0.37954751626245153, 0.05659418171748103
1.7027340577558459, -0.6167618238726466, 0.9194143403868591, 0.34769345330963053, -1.273122085556662
1.4429726984076725, 0.049510101241928436, 0.221724861033982, 0.5648313603941034, 0.011103026164525078
1.8712539999999995, -0.7693831601692854, 0.2682340415287233, 0.1908126521143504, -1.8253973744679346
1.9620708627979975, -0.38132614061326287, 0.02351087227023017, 0.040529919192051, -1.9185099748558547
1.319622194666387, 0.09615280082659976, 0.4313456454076318, 0.10730923834453239, 0.1886743002586707
1.1301974938690966, -0.1079057786913615, 0.3056144776137286, 0.4655831651971628, -0.15892028917903994
1.7929793638021965, 0.16106146335546476, 0.0028299278966852793, 0.008562766406833386, 1.7643970021112079
1.190214112711582, -0.08361142859582703, 2.2124349368948705e-05, 0.005103734242734329, -1.170028983149635
0.4777820818441379, 0.032099083564141574, 4.764985836558545e-06, 0.004604432403743959, 0.47308671245706846
0.7309873006509562, -0.03316100996318717, 0.17104011529591653, 0.5989645677762485, -0.053882579732637784
0.6589095574283047, 0.05506071934420296, 0.3878375080732132, 0.5092436202564486, 0.07364527701298262
1.5128506359289187, -0.13050177701652813, 0.3243218003054436, 0.382509517522426, -0.059586955041345056
2.781694636961014, 0.5999390111238971, 0.0917823946308126, 0.17300553991764275, 1.0025277253789404
3.500060099300413, -1.2071983735482212, 0.1430943028689385, 0.14703449938239616, -3.2107037208941427
0.19828282620962445, 0.0003903248406813208, 0.19752017240733885, 0.15643537455358772, 0.00018684707244309137
1.5550589055969835, 0.03394419529988222, 0.020140201590086445, 0.005936757917478545, 0.3430182742783899
1.8544410387114418, -1.1717662677997687, 0.12062015507805764, 0.5126164264316518, -1.7003421754170902
2.813320080618089, -0.5195519521357865, 0.06550079876735278, 0.04187250235823363, -2.6123233371570738
0.5335644668922606, -0.33539679433342473, 0.14599960610387927, 0.6015448826444773, -0.48313739499338476
1.7573104377635662, 0.07088592748679148, 0.23598835214334976, 0.46616789794337554, 0.04761380248382066
0.9592653406317365, 0.019826218534129574, 0.010233114108185195, 0.0035876114082437297, 0.2754698001116018
0.8642852465466078, -0.03145645585901734, 0.020033026204266086, 0.006374056515948756, -0.2806592721043768
1.2812977441927345, 0.7902065844806343, 0.16483601323588654, 0.5634390116222284, 1.1043842955733068
0.8193438027930859, -0.2622809819789171, 0.7838220364155086, 0.3580338970151739, -0.49340156769869986
1.163622202019097, 0.22670434635726694, 0.2600961893231071, 0.5736768505039859, 0.3513140082528949
1.9765266888888897, 0.290014722032757, 0.013530868935508523, 0.024161641987744207, 1.9155232522186119
3.47486964269058, 1.3495769345090844, 0.045001224464114, 0.1567174992341095, 3.4349197757503043
1.7447261885566916, -0.495756794657736, 0.05394172394423084, 0.08783057676484439, -1.7015824367187542
1.876403023900052, -0.7960303010956786, 0.36344575743767327, 0.21910391353898045, -1.7870762661960211
1.6137791930761998, 0.15062256610880392, 0.11782213987709199, 0.03253403952214918, 0.7386601476155454
2.9369228650467396, -1.5853687086935897, 0.6526659929608918, 0.4632193386369884, -2.505544642977393
0.3060188353862429, -0.019536631586851667, 2.8972129322337574e-05, 0.00451251466607982, -0.2909802793352464
2.9304658903204626, 0.7219356108855415, 0.3978316414786256, 0.10021021150987132, 1.957630508342166
1.8715273306563467, -0.7871575080345822, 0.19933861202613154, 0.19605179648752089, -1.8316826189183368
3.1930785641909902, 0.8774543204112263, 0.2544597905155296, 0.11548141623472062, 2.550114819748466
1.5734491230861707, -0.8892766734401385, 0.44370417032265613, 0.5175659518299411, -1.3304146563076733
1.9082082062001815, -0.16574764353169755, 0.02507462916320623, 0.010140572373569206, -1.5995423414844614
0.36795990697790004, 0.004777768897928437, 0.006170822446234452, 0.00279878576876531, 0.09021223114649123
1.514335709842476, -0.27368661139995687, 0.012293131117579065, 0.03404175694082595, -1.499312512156431
2.4530859305663135, -0.9720312244442892, 0.15122715727700833, 0.18017030467500725, -2.3537833604578897
0.400935695261941, 0.027054835672134778, 3.484129927055909e-06, 0.004577992497949007, 0.39985487711995904
2.3218852181949594, -0.36160178470576687, 0.42100010423028134, 0.44668415227399505, -0.2950239280297925
0.2560567668946004, -0.00781761641708166, 0.3350755722196153, 0.31720324558032775, -0.01052685629300185
0.4066326618492866, 0.04016753841460639, 0.532593563876556, 0.4687458921243231, 0.044781789332152405
1.9004714666666678, 0.18516588728917366, 0.005272102980946528, 0.010853871644329828, 1.8329681535052216
2.3255309010570264, 0.634083327129623, 1.6431483228311032, 0.34479208911297826, 1.2487858481093703
2.2051025378234637, 0.1430844333293536, 0.11185506416059054, 0.01847698735084173, 0.749570651185063
2.830096053562306, -1.2722282057214747, 0.5958563276692329, 0.39242541945410936, -1.8820192470542583
1.1616434729192178, -0.08036661041408517, 2.1312696034292765e-05, 0.004955383909067804, -1.1414195787949788
0.9509652937039581, -0.06453786109196993, 1.1500309875461128e-05, 0.004740863856260339, -0.9372420890802473
2.297161952526795, -1.4268303511454905, 0.15408716055757476, 0.4564648475323695, -2.145093964439913
0.8427864129364262, 0.1725255100097977, 0.30263117425935837, 0.4662134434112638, 0.24343647730783158
2.5040447540386856, -1.3961572186276996, 0.30009624016283454, 0.4333675168547048, -2.245427481865752
0.8859141258207487, -0.05997595937329529, 1.3215631420839234e-05, 0.004718206664916725, -0.8730053666368484
1.578449121832624, -0.01485694227609135, 0.009691105610497809, 0.0039335456517531515, -0.2562256238538619
1.2538518825784626, -0.010522592303965891, 0.18757931462699884, 0.5673307694544225, -0.005909045295197991
2.902188740178092, 0.6224262130162768, 0.19919686066699505, 0.08439254016317253, 2.1301615724171494
0.6569336115992546, 0.30130591913976923, 0.589293988700135, 0.49041902374505125, 0.4886362510067551
0.2972652787065853, -0.10733955886688445, 0.7662651399301807, 0.5414326085590513, -0.17839879456644844
0.76883429355199, 0.1219001041849647, 0.26826250928582934, 0.4465993514113215, 0.1942270218078141
0.9451763072555412, -0.44311874105500215, 1.1572045421667254, 0.4935399369855492, -0.7297220049084241
1.8675248268579938, -0.746408914002314, 0.11827054722016316, 0.1744721907361545, -1.8212891529002044
0.3349218942353238, 0.034960877147846785, 0.6941414383636192, 0.2866374704658726, 0.067834922721557
0.44912339529829404, -0.015521180936836545, 0.004083507578587665, 0.003427992804821656, -0.25904385700931903
1.4423034850735916, 0.012514420726319486, 0.6854722559575706, 0.5483010045201969, 0.08555941631095443
2.937652760038877, -1.6760298125929103, 0.17697533154081488, 0.34567546860202597, -2.88968846080861
1.4228716234218401, -0.439991529719163, 0.7881019350359729, 0.3551760266462285, -0.8198699967934153
1.756201884598866, -0.05565149449206493, 0.31470579468642457, 0.22466520726274858, -0.11165349789662066
0.9288436908340523, -0.5490568541752471, 0.6409744718799284, 0.5546597966705706, -0.7929298379213724
0.8437615999999997, 0.15726650955461127, 0.002374991795742434, 0.03625758462085752, 0.8311298593465172
3.073338514264074, 0.3809943720884474, 0.19045667288551246, 0.05621705406903068, 1.415070227740088
1.988622122659925, 0.3917442263669696, 0.1853965408462974, 0.06318569295687333, 1.486249052284762
1.0777344456942854, -0.07382346364837328, 0.057318669868530424, 0.024916500803359908, -0.4453401909160137
1.6131424866364372, -0.26917734182379466, 0.43387159368051365, 0.4021422954411969, -0.24026989909156007
1.8414469042155013, -0.9916027965804547, 0.31540465301200266, 0.4025021640293697, -1.5642379280507248
2.9454635709988963, -1.706654018724595, 0.346605374527564, 0.4918038193195357, -2.5678384450102127
2.1891197771051356, -0.05932862376799746, 0.04493901153408874, 0.011729161999248516, -0.35396823564768004
1.2807833881840935, -0.6328225459919532, 0.26682807970117006, 0.39910138837155107, -1.028477084737996
0.26844715594835783, -0.0015617391434708397, 0.2823677224584634, 0.28598140093630414, -0.0031497144887524435
0.661435301938911, 0.06791120434162147, 0.026878572430522416, 0.038604025305557364, 0.35822307964752764
0.863927049066738, 0.18590994156398669, 1.298731455068938, 0.2576682351182396, 0.18542396549579707
2.8138554188826657, -1.2395972910532078, 0.062161862229007936, 0.20017692337577994, -2.792280231208132
1.129710978432285, -0.2971279571286829, 1.3173512932542208, 0.5244083519250071, -0.7283284622798241
0.5562640525554797, 0.16761488378575312, 0.5584670592004247, 0.6127117017157462, 0.28519591342875344
2.214676375367175, 1.1700040802788598, 0.25023357288136594, 0.31009806535985307, 2.142679278256552
0.9002361934422562, -0.11995893686359371, 0.15479549266981432, 0.5677245688959399, -0.1555171951377889
1.3727913279784179, -0.842740984515095, 0.19902487383310752, 0.5677723608207872, -1.1884622576590744
2.1185218461753004, 1.1099464544915605, 0.6314362407700458, 0.3337748710796679, 2.0139697534945613
2.4982360604881735, 0.007009344618464317, 0.6116629583457618, 0.5364624353364988, 0.044471734003145566
2.8138554266796176, -1.3662554883978908, 0.09438733383984536, 0.24683588755144215, -2.7820461085597445
3.346685690604367, 1.273398403295706, 0.273952729055821, 0.17171328957361143, 3.183013909673215
1.53680262217897, -0.7785618290557812, 0.7438493736826578, 0.4758413587057253, -1.2637906384621627
2.9956173427153576, -1.8973867365330717, 0.1076504606097007, 0.524175485679456, -2.699797256842138
2.462897099815028, -1.0451604012666476, 0.12676113400527766, 0.1973691925316238, -2.3958405532378975
0.6198728599436822, 0.007487015599866963, 0.009154310609682127, 0.0034205376061889254, 0.09668705366700177
1.60611355979431, -0.6697589638534802, 1.0779736686947203, 0.5176439300913583, -1.306329646905871
1.5586876131618237, -0.9571749073803837, 0.20365171023482728, 0.5128749550331184, -1.4150728839436884
0.6207840452935346, 0.05227765825842066, 0.7336593413651821, 0.4239329857484193, 0.12577365016861675
0.7712566426167793, -0.06373027335197269, 0.646126959189438, 0.6070550949302063, -0.002730477210605358
1.198449146684322, 0.08380173313357508, 4.1889222396132073e-05, 0.004949598736014213, 1.1913792781259191
1.561622253300704, -0.6405108014437448, 0.6742663354862292, 0.37560218628763664, -1.1711602494323374
1.639105110916558, 0.03276460262727002, 0.2049587875393182, 0.5495483035003759, 0.031002998813007863
0.7069947799409547, -0.037836275269597014, 0.006152434124431797, 0.003834213497446847, -0.6135704913326564
0.47864852676483366, 0.11023049931166472, 0.43212777862090496, 0.6360335685826012, 0.2070293600046889
0.6744908822644798, 0.06144388733248734, 0.3616459748738921, 0.1899470537206966, 0.17490052057254885
1.600047847455004, -0.16058141460556097, 0.36945320065773524, 0.5636584624019514, -0.3394779987762249
3.1832381069070177, 1.6804459061444934, 0.10208664805087013, 0.2897112427183771, 3.1509151545130094
1.9875975846713998, 0.176559486560341, 0.00010142306817881285, 0.008142092503615944, 1.961370919600123
2.6993875274633137, 0.7633023930427691, 0.4347534093523698, 0.17383233180438215, 1.8025492091797912
1.3902188459997311, 0.8631100436057438, 0.16831905570298872, 0.5057968843960832, 1.2702518784293364
2.967748666666667, -0.8646085598572297, 0.028345123467926517, 0.087989333332296, -2.9370658415982005
1.8904204615470022, -0.2568507445178364, 0.28950791162952005, 0.38078829097531547, -0.22483355617990913
1.625240139929016, 0.0826327783936975, 0.04043664632476242, 0.010010593855790624, 0.6274558321279096
2.958340065750127, -1.7114968657297231, 0.38604327996869514, 0.4813061674528403, -2.5832208747867593
0.209963668408617, 0.14281325261196484, 0.1620725958895854, 0.6311461920525011, 0.18496350925776792
1.4870513753964554, -0.7019061719974027, 0.34986909640052205, 0.25321484564690144, -1.3898856924656744
0.9377282750311801, 0.021485292026499955, 0.25813472093063433, 0.5836701088263639, 0.01682260125004078
0.42437148985952744, -0.0028340024791548802, 0.38729807387395854, 0.10164911400341631, 0.0049296754558018265
2.8581806150523215, 1.037333044137493, 1.4113780078506517, 0.2552352039552921, 2.31339999323277
1.7529140262636163, 0.15083299935879918, 0.0023659697002636074, 0.007765730212960219, 1.7303232397644093
3.048528155690152, 0.5716331532655987, 0.09901505098010005, 0.09225565120519817, 1.878137467048174
1.8060574437336054, 0.16698917991162424, 0.003997749621213622, 0.009289981679517346, 1.7637346577809814
1.9221838220902399, 0.20112399796372812, 0.007533026850534097, 0.01230989262713112, 1.8499680654093993
0.10673135096568347, -0.07313688807500285, 0.042589128143808795, 0.6683161220443486, -0.09475503491245574
1.8579438314106254, 0.31981547085373674, 0.04180693822089256, 0.03468009317708577, 1.7904018471162086
1.4192410517533351, -0.028249325838043977, 0.5681118249311097, 0.5191013545585442, -0.09949500565234787
1.3495188793526713, -0.23883508022103117, 0.6183382351372124, 0.40926956018020993, -0.3613689451198558
2.4162737822286857, 0.5771391338187941, 0.7078109240675181, 0.28310973170860243, 0.6946668538541914
1.491320373100383, -0.5198424811896682, 0.48990829272342507, 0.5873092868299288, -0.8848590070337309
0.2590642475878066, 0.002618255220175947, 0.006205656581270261, 0.0028417898362565015, 0.035663809942732126
1.5195103671819945, 0.24389156951116825, 0.7732903041699635, 0.4989505863121328, 0.21047078052961743
0.5535297283729895, 0.08087351240046249, 0.6439807995152035, 0.505732318713235, 0.1120334139814522
1.0240872288599827, -0.457408564872826, 0.7546295248149418, 0.48982422156820293, -0.6883528857910421
2.044833197733065, -0.11757872615757314, 0.15222004533832748, 0.333621508666215, -0.08866083284257721
1.9210202589863865, -0.35311775117665667, 0.27474126309093394, 0.44233686797314337, -0.37942315475978555
1.6273085622530983, 0.031692392118100696, 0.48729391269707556, 0.37839790972487664, 0.04581543878473565
2.8048523514509047, -0.9447100806299222, 0.6282414040279728, 0.2902366661756, -1.4197648632142472
2.124562325361919, -0.25620471685583546, 0.5267942701823113, 0.3796883421801822, -0.22210410767747413
0.7177245082594846, -0.028514923885355214, 0.3889822256479934, 0.4173917951329244, -0.027822277730423308
0.13498092792234323, 0.0043463445422833175, 0.005588117795712072, 0.004355091586442645, 0.06728601862646923
0.8430519197713682, 0.07131226294341532, 0.0001969232690708473, 0.007305712417427453, 0.8392224632470102
1.3505523304992155, 0.6534880135514967, 1.3599942093808426, 0.39375994077197035, 1.118516232944532
2.787978899503941, -1.4220017380850722, 0.4728964069553799, 0.4149560478647974, -2.2907972548708373
2.46594206114314, -1.0667344397682785, 0.09042503022962393, 0.20241280144253235, -2.401822862896928
0.852645008981793, 0.01563395976802404, 0.012003990152799713, 0.004232419636903614, 0.19455219638853852
0.7127377891842452, -0.043319758976313426, 0.18360418097725278, 0.2779592178824794, -0.08479171086308834
2.976032386939307, -1.4970511977380385, 0.23594503305834508, 0.32253107810402676, -2.695597539599044
3.297530832025761, 1.032388282257824, 0.24646665937097648, 0.14365226210673462, 2.6282816709064485
3.258350301112102, 1.0800124360651986, 0.30299237734716117, 0.1433041318758576, 2.993018600118962
0.10149974621892825, -0.10638060130984461, 0.7908606703589137, 0.4639354178674463, -0.09350180607828235
2.936466001403703, -1.3943914681647325, 0.6017290225506846, 0.29036850196545033, -2.736381028454784
2.2495832849440265, 1.3352535336936895, 0.012580810498398093, 0.35703943169316427, 2.2371938587120384
2.683611318961852, -1.5626330917839923, 0.11830142715610703, 0.3559435750014481, -2.6427334123198407
1.0414374917787628, -0.06915350162386505, 2.930749027638676e-05, 0.004615401008634418, -1.0176111131474876
1.9253930666666668, 0.2736918568240043, 0.013658940681652378, 0.022140283452388256, 1.8790105244042996
3.1237049950355793, 0.7675832543628569, 0.10838286009301218, 0.10511526299266087, 2.4159651300084932
0.3134121224588223, 0.010063702288665679, 0.5298130241747081, 0.45930830274882234, 0.016202103097528196
0.9588397375769175, 0.05342503063929062, 0.19600234177879922, 0.6237318338703851, 0.0652967803745548
1.7527135415622226, 0.2186402426773898, 0.7577000565839056, 0.3928219682930778, 0.2608538369745458
0.4256655830921631, 0.09554100101683051, 0.38079605968891217, 0.616925287799177, 0.11744003202484127
2.787813252761233, 0.6481501642379834, 0.20876791030458125, 0.07839348148923009, 2.345650339512772
2.696373133696174, 0.6288155072548176, 0.6139978787714085, 0.12288165986375844, 1.5222485728898634
0.9096019721045621, 0.006524450132513193, 0.9994573801945201, 0.4553045352754726, 0.018474456955130947
2.7900012205118423, 0.5958318485592845, 0.4077272120327821, 0.14968287426604795, 1.449637965373198
0.6912669455158956, -0.1066205503773782, 0.715179431242702, 0.466264813232353, -0.07762772671385995
2.3642506043067852, -0.3295834377469993, 0.27871863692627485, 0.4683668966101321, -0.23391278525514914
2.7014718800870106, 1.6935843560509298, 0.1677585668793245, 0.5022506855250138, 2.451143844249988
1.209533506609934, 0.04007639925892275, 0.2084557818997311, 0.5370644772466143, 0.049254174360295534
0.8841958368207414, -0.4111804922459042, 0.9162742616781949, 0.5512004546350496, -0.6840467231128846
2.937737535538961, -1.4374727795690594, 0.5153576639654588, 0.29609098790606686, -2.7618266451204234
1.65285439337246, -0.4653544777650266, 0.679982482379892, 0.29482152100615383, -1.002750809265625
1.2195405819014546, -0.5326727653325788, 0.8561078165304807, 0.5444790375898162, -0.7993737771057364
0.9432971367433166, 0.05843060689723742, 1.0106513926580507, 0.48173023553275696, 0.323782425865219
2.4750912237800318, 0.20607487743122122, 0.10170080611523538, 0.020479099345025332, 1.1436002995609738
2.1628506691645315, -0.641000154118652, 0.7264933928889363, 0.2927776878945587, -1.1080691256848212
1.4443185209465934, -0.5837980002407626, 0.8465949750739138, 0.43463805325147326, -1.041855950023319
2.1941820476412666, 0.20517933612927222, 0.178977559432263, 0.4740280346997921, 0.3051158531775926
2.491970496479448, -0.3656591054446317, 0.4314243678784473, 0.4641250817432199, -0.3430997686063148
1.368989407803448, 0.8480830832339322, 0.3317892814457639, 0.530810880201067, 1.2157985500485027
1.229666655373243, 0.0668010001089952, 0.3414897575377845, 0.6214579686370875, 0.10758340435651839
0.9488115693270645, 0.08108813358520722, 0.005911710082076086, 0.009053165044408862, 0.8983647630606222
1.4690829584880603, -0.07058081718337898, 0.43667117404548333, 0.5050873039545833, -0.16031861793665353
0.7311939313312792, -0.436201368475656, 0.4280403343966134, 0.6099982912042043, -0.6051824594277558
1.228022255995859, 0.11410252548235507, 0.00034738619186149266, 0.008687100031763864, 1.224839410196297
1.4523885575546907, -0.6639400010815176, 0.9745956540424585, 0.3525362771047629, -1.2464077653058931
2.32016452871305, 0.370937411158654, 0.017386720469211, 0.028106252700555546, 2.258410243801843
3.092866205797343, 0.7500535133709656, 0.5142989108767391, 0.10450300278683602, 2.1076247841473164
2.1911032879572154, 1.160794433860685, 0.18582579261809432, 0.3062389864311761, 2.1196531422190805
2.8220253862009788, -0.057457302662918285, 0.5475849453282775, 0.3956874047620371, -0.05523185720071806
0.6019267376430384, -0.0421503025850073, 0.0012673895074564816, 0.006237439543757454, -0.5424975887793532
2.895651130843502, 0.36517786075920333, 0.24243965688172203, 0.045791594011739704, 1.3783377555405707
1.7188538215202431, -0.9401710751065793, 0.368345777317159, 0.466977763280355, -1.4598296250235707
3.1068327647276304, 0.778068719638823, 0.4220645013602718, 0.10490732107649996, 2.2653485394602293
2.7820349216381466, 0.40887096028046926, 0.24728405734587214, 0.045632975876057885, 1.8555016629827574
1.178575655182046, 0.6893401107027485, 0.33062016376526154, 0.614850738240478, 0.9879956434829886
3.4698533490674865, 1.2284530588886917, 0.5029410232181651, 0.19120749014599936, 2.7022020302719607
0.6185022865500268, -0.0215760090047267, 5.162291733527916e-05, 0.004883517459369224, -0.3120103896988981
0.4409845278574665, -0.18385853633206753, 0.9935439795009482, 0.4357152939481452, -0.30887010599593373
3.099438099023626, 0.9797981480008032, 0.2510635337896399, 0.12827048818766715, 2.6701619333833633
2.4526604715892195, -1.0183142878300737, 0.0725366870273811, 0.18506470038987877, -2.395491834551459
0.6948962295418879, -0.03681831589609436, 0.005268144561884399, 0.002873543935892295, -0.6456091005928438
0.0003442441737142162, -1.97449928004536e-06, 0.11454690624501927, 0.718533312754072, -2.445200728855314e-06
0.487128364240551, 0.08751715151107423, 0.7095934072817669, 0.5800901803795369, 0.05926049155176517
1.5182514811329835, 0.9254521183148725, 0.18611980064407357, 0.5266924018591788, 1.3384495408548107
0.9240464670342334, -0.03448534626741813, 0.005736405315353926, 0.003039315320257653, -0.5934032054540787
0.8023196575552493, -0.3546148737842411, 0.48442925439728923, 0.4771014096873232, -0.540825276559392
2.5679848594109234, 0.24317236769296816, 0.5231622706457876, 0.35075490295994144, 0.23567180230624474
2.1136311243156727, 1.1341420602673775, 0.3417581015733118, 0.34594009275888915, 1.9800190953994805
3.070605611382266, 0.7946366578694234, 0.4472124711218327, 0.16687049100597356, 1.6774461673044474
3.265134810733491, 1.6023583263794958, 0.2915478903862862, 0.4116273565829423, 2.582622925468211
3.288109114136609, 1.2976587518462024, 0.27411350583029825, 0.18196300376890778, 3.137741563670426
2.974278921799197, -0.8793788463640101, 0.020236098418041484, 0.09026837711429722, -2.9478463411882627
2.387647357977319, 0.22344700917913907, 0.04323697839163551, 0.022872779570102888, 1.4582257250530193
2.9227523402022326, 0.3404781064616394, 0.4610714699308017, 0.04868539472187414, 1.478875709601939
2.1208912698272373, 1.174961946985447, 0.24727833219292195, 0.35023242693925893, 2.023779408348955
2.5017629266745125, 0.6383495731219435, 0.8324459008016701, 0.27183401271011504, 1.0515614104912934
3.0388228187110804, -1.61897873472381, 0.8109903802517542, 0.4486139937347757, -2.593969904866898
1.9345863453845502, 0.33531372909239043, 0.9547145152098289, 0.4527454042613733, 0.36184843229057967
0.9192959155079151, -0.036687786871198357, 0.005872697217834669, 0.003050287281767164, -0.6313555781438716
0.5351101106093392, 0.002706678558825673, 0.27792488237025725, 0.27844840678114546, 0.0011033364763562757
3.5244283555555556, -1.4919836937091782, 0.09997828094820387, 0.2039132777997007, -3.3851390110091035
2.2551308057602646, 0.309932505362906, 0.6719639574696633, 0.3867107059842503, 0.48195614359388345
2.451116498653808, 0.17583927917981712, 0.07485922807676557, 0.018833690538636805, 1.0647420930966505
2.1259222710925325, -0.39654949743475343, 0.7834517764181015, 0.2658180291480345, -0.8022205992371957
2.8483636348702963, 0.6498129933300808, 0.3488798036956483, 0.09021190693375347, 1.9248592315372077
3.031151748372842, 0.8883328981942203, 0.20883893057603956, 0.1274714959135582, 2.5387291888740093
1.3512457085669096, -0.1610609220546711, 1.3417738505223298, 0.5401548808305303, -0.6012827806020542
1.6719775054163808, 0.6200480864184486, 0.04180185235414201, 0.1461893876616935, 1.6350788236031688
2.123409188678595, 1.2610851529357314, 0.1384905222256971, 0.37267863130279827, 2.0868774392409857
2.1890249400522652, 1.2897640307128007, 0.08306385129390621, 0.3563542629340747, 2.1745317438444527
2.784146200000001, 0.7987764171913284, 0.07153311926730119, 0.08997576231735088, 2.722189852228813
1.8459879712040443, 0.24931590267403905, 0.1813208774983972, 0.37932684370607883, 0.2559833805569818
1.76344100438963, -0.6010838772790572, 0.7080489685718375, 0.47638359005405784, -1.0360895008742466
1.6301880911592688, -0.23832368436903711, 1.2095836135401057, 0.5304479796942112, -0.7971109697327599
0.7697772283932578, -0.28452241816225643, 0.4167064734983035, 0.5639867699262844, -0.37546817100105234
0.5434434033140534, 0.013862591382992107, 0.0062392910592698105, 0.002840609125240118, 0.23994314295539154
0.6793054873876744, 0.10272771784862542, 0.25909535020169494, 0.5673065726246836, 0.10707967327788748
1.01160998607089, -0.009702171601596568, 0.01472623229503671, 0.005164458351944667, -0.15667855571600053
2.088608268128161, -0.8860411200396503, 0.7606741851536748, 0.3211754098943589, -1.6866782096561943
0.8449389467895777, 0.35275217078955007, 0.7609444269593476, 0.5049233102328321, 0.41947371932980665
1.4213558010300185, 0.7370119252142948, 0.6578111695627247, 0.42642409809171417, 1.1919080648622968
1.163820407059764, -0.09181379714545573, 1.2706234493329782, 0.4593146678271172, -0.18768524483379212
1.5773510955136842, 0.11762440382496778, 0.6738660014279242, 0.3106583672085288, 0.1366231711215709
0.6864561514159998, -0.04608027693146261, 2.2984738858649067e-05, 0.004726018145063462, -0.6704674904050607
2.51099556693078, -0.03205935767843668, 1.2903105273447821, 0.43827246598813424, -0.07754205600015149
2.7098048667674597, 1.4388309774546775, 0.6031076113754245, 0.4353403795407596, 2.319427986189
2.103091885236919, 0.3079111197726822, 0.742743494386649, 0.4106929112113707, 0.5439828976700782
0.5186133581544182, -0.021998680140771807, 4.091582507439873e-05, 0.004727014805715962, -0.3221423516712111
0.4767446210984977, -0.03202306029961908, 1.147335180724118e-05, 0.004563563137658493, -0.4740184716403359
1.0533178218998456, -0.015457125511601394, 0.8178109629869145, 0.21246830236867886, -0.028700677513115593
2.2817511298067945, -1.3357195456139976, 0.48409357182327944, 0.4661747689347145, -2.0543441891531886
2.9342195519324816, 0.8155795689355909, 0.1529883980372749, 0.10830292770334654, 2.641168680587129
2.4493655013561746, 0.1641058759586169, 0.09339414825860563, 0.018793398103457835, 0.9677126659208323
3.513596889848303, -1.228910587150861, 0.09223747931502455, 0.14538386632884562, -3.285171420921391
1.6090540485583233, 0.8295268773000025, 0.6373744133271593, 0.43360924761572717, 1.3343008283714841
0.0040348974440026115, 0.001538999289009762, 1.1691404945569135, 0.6323524230922295, 0.001760050820970694
2.454726649589498, -0.9691175634283907, 0.10075599069951456, 0.17474983974021951, -2.36918171746312
2.9824702126084737, 0.7143898991177899, 0.29115122557311524, 0.09516962567797085, 2.362659737367143
1.764874532760365, -0.0634652455610354, 0.20032452948546275, 0.4394354005234413, -0.0031017252206036305
2.509639247252845, -1.4686387377118795, 0.46066638142743555, 0.45183190626032327, -2.28037264858404
2.5989971017992755, 0.38010562072106346, 0.17665997754799087, 0.043614742852348155, 1.595149938085834
1.952363554167327, -0.006063364372764874, 0.011400050173469236, 0.004429012007548917, -0.1348014843081806
0.35984235082133886, -0.011610676068531757, 0.3146546713853643, 0.5607543979527843, -0.018591615691404835
1.3515887783017435, 0.3522965801320611, 0.7330693662733319, 0.409566313289389, 0.4067772778452266
2.633733450541018, 0.7090804133610338, 1.22766610980218, 0.2425499578957646, 1.6698559982935726
0.9406929149212253, -0.06523970798688211, 7.127140405725036e-05, 0.005155893485598576, -0.9113717502393358
2.4254134963979097, 0.5801576455262372, 0.589129085693576, 0.34906393735866437, 0.5699180491231168
2.3237225092544396, 0.8561328253128364, 0.7661952379703968, 0.3038221782488174, 1.4090482516585283
0.8480016907853257, -0.05800439393806664, 1.0447623050357106e-05, 0.004706150333937863, -0.8455057874919789
2.0431507870330705, -0.0847526585027949, 0.32870097739719917, 0.41355078826467384, 0.057892934495697906
0.6987011262554459, -0.04720011222645872, 1.6416006367759313e-05, 0.00464669899832094, -0.6923409277110397
1.009772560218122, 0.05608013766608632, 0.23952359965859307, 0.5718929158247645, 0.060533641786262644
1.789409549686748, -0.011072159122000845, 0.6304719176354391, 0.5794124107382704, -0.13765609979293372
0.2951405839001278, 0.0026454339309388876, 0.006073793247102393, 0.002855526226913101, 0.04504381544842172
0.6316587742753701, 0.3858102447181004, 0.3139755609739198, 0.6005843443487182, 0.5470260105764084
2.6632941885817107, -1.302840324689613, 1.0503615908179649, 0.44678856056037064, -2.1810472340448666
2.631726366511458, 0.27676358118865835, 0.5515785849076521, 0.31792222109882834, 0.23422471248158375
2.25266997864909, 0.4754957677661585, 0.7110946875969055, 0.20813759785702565, 0.684484192677226
0.0025659968422316946, -9.205134814949977e-07, 0.33233062533997637, 0.5278516634226622, -9.58371593833787e-07
1.1753152200170847, -0.5229437819715776, 0.8502359352499645, 0.4998191101354126, -0.9336975278170015
1.5060661816886554, 0.1928573219385623, 0.053092741488026035, 0.03346340943891131, 1.2185454251119385
1.1672795053271177, 0.7085572575785021, 0.23836794704391587, 0.5375510451045948, 1.0068477612551343
0.6688687783739422, 0.10105906175435292, 0.36218375191821833, 0.4946262013716393, 0.19116761777781865
0.2948409059076926, 0.0035624752678604025, 0.005967191631909669, 0.002828739855347228, 0.0630533478307065
2.220792130621396, -1.0941132610516937, 0.8404373477054752, 0.41040483192427474, -1.8501770474721437
2.7708519899084774, 0.805654280410006, 0.018199517002924093, 0.0869833617536142, 2.750046380096068
0.5887545624744311, -0.04015382585231347, 0.000606225507553566, 0.005528016540963818, -0.5449739698817233
1.1352153056085441, 0.06416438906616428, 0.7734841148956042, 0.5016496934049323, 0.07423595370804818
1.745851520162838, 0.9772282118755602, 0.5243285995831336, 0.4996128070762566, 1.4954974624645034
1.288764850261694, 0.11422812245358918, 0.03209957449793353, 0.014381413350566332, 0.9674398019562156
2.7245950916716923, 1.692491779575007, 0.17450255791941152, 0.4980212354064677, 2.4713036188461426
1.5243814951890269, 0.05207075558348374, 0.29782623806375863, 0.5815640265083369, 0.09583601800487955
2.4606266435889816, 0.7205300104109986, 0.40830244919444714, 0.36159933949419737, 0.9043120228658681
1.464306159107684, 0.883893868302895, 0.3352095004833687, 0.5359186422777832, 1.286343428853464
2.4769361947107686, -0.01854989753972653, 0.2325574079743733, 0.5180581241740547, -0.017510266692441857
2.6468961030008358, 0.7907874946595663, 0.07691697965803644, 0.10262500640972254, 2.5517588973808714
0.010384735627207273, 0.009426959358194086, 1.5450260553570891, 0.578567610431732, 0.007656065027292297
0.8268553970933883, 0.4178457948248057, 0.7282705177879971, 0.5096499673535175, 0.6385265791622426
2.00042772989616, -1.2157727136013605, 0.24878454659551907, 0.4826522859904452, -1.7981309906306147
2.557336046907182, 0.22776785593632565, 0.06365845861027557, 0.025438373363939604, 1.3306854720911903
1.2955498759516078, 0.13920263302066438, 0.05176378306792215, 0.020218267652843482, 1.0309079976031335
2.6327127331184283, -1.4376309620775118, 0.6539116301284367, 0.4929531393458909, -2.158550964768097
2.064529846923277, 0.7357099700740841, 0.6720462067664542, 0.29962027968997634, 1.2575230381768707
2.401308061326934, 0.1612752518858273, 0.25443090761199694, 0.39495984642248233, 0.21440727422786376
1.649064054300849, -1.0048394660821207, 0.2384980199377367, 0.5231057498288971, -1.4704337173021431
1.6378165576907364, 0.14278201678399502, 1.1181170740763535, 0.21497723893118598, 0.31521919742968857
1.801673688356368, 0.09269245552242092, 0.05800781244901006, 0.009204567397155783, 0.652755074277778
2.045399008507172, 0.8568324056350538, 0.3413856747810161, 0.35391365917857237, 1.391919843210899
0.5446746081506242, 0.015721112454777763, 0.00732622726281108, 0.0030982269759177554, 0.23435523240633263
0.5835477879596929, -0.0393887884038514, 3.2222469023234238e-06, 0.00460701037592651, -0.580304745858552
0.22068230006161918, -0.07040574188882466, 0.09901813581609434, 0.6819572982966394, -0.08930661993764932
0.00033479485109404633, -3.0776284122089866e-07, 1.779087364917109, 0.545415707394947, -5.669173556397466e-07
2.147769353487535, 0.12335578305530875, 0.04885430113705179, 0.01201277334791254, 0.9498018318726331
2.929986580881904, 0.2814960795686076, 0.354479471872664, 0.11028367759840962, 0.47640742822292154
0.3591316272242742, 0.19327889087034772, 0.23125293729781085, 0.6034756857856948, 0.24882445224162036
1.8803940052525576, 0.3173637421137097, 0.611605538501962, 0.557166139708603, 0.5306007611792771
2.552611966517535, 0.2202311904372908, 0.12403333088014568, 0.022446875662783222, 1.1511361453734787
1.7587643343300732, 1.0440538447512033, 0.32048891371777866, 0.4897906715530889, 1.5640479379467462
1.328827720823813, 0.8161667300109715, 0.19657763155974806, 0.5596990425928382, 1.1360033283972395
0.2695896675935334, -0.07641571992066672, 2.4241445356964126, 0.4858938322004321, -0.25629953262202265
1.9280560594512253, 0.49588750183038366, 1.588414831989611, 0.35317249859027655, 1.0530973576096245
0.4164603596639186, -0.06208962953726038, 0.28888617956780976, 0.6658052613666117, -0.1202903212481195
3.125652980974203, 1.7091285917646084, 0.13374198070031773, 0.31481448123505174, 3.081168452052124
0.9250350809017023, 0.44983706072053886, 0.8721582486903914, 0.5207515706269567, 0.7662918836053737
1.3858253814864632, 0.030266891093406606, 0.3963229201695055, 0.4729460939230291, -0.013768292453919645
1.0583795194555266, -0.5420098410127756, 0.27755303358542, 0.4189030129380166, -0.8774208060321222
2.0897184932931814, 0.47654267138084044, 1.2232653283832253, 0.3549692164578271, 0.8946890314617982
0.5859231965516992, 0.026693353568565007, 1.0242059299902906, 0.5073468071606386, -0.060240981180729784
1.5360240344695675, -0.4491025934077559, 0.355855930643274, 0.5995792731581143, -0.6730859334234656
0.9518336375545948, 0.004077551559392366, 0.20211572878622344, 0.08807582610027925, 0.006745291661451146
0.5894598135126844, -0.03279006751197644, 2.978183956608209e-05, 0.0047985448472938706, -0.47550326705088475
0.6735256550041372, -0.017738928971930502, 0.20434163815908854, 0.640468190004695, -0.02832773819763669
0.7702512766196754, 0.21198731020180633, 0.6806142782677337, 0.5436809641228691, 0.24085484282810124
0.4246009841485464, -0.028326681173263292, 1.3127665703532929e-05, 0.0046905260319847234, -0.41383409098023366
0.8838646197284251, -0.13108839707013992, 0.09073319040796365, 0.5539212108436875, -0.1647821007888795
0.7032477576106966, 0.009498672837271713, 0.007155394348143925, 0.0031790635230519106, 0.1418334016807694
2.3279494962667404, 0.45628088016181045, 0.3413355738957123, 0.28363249765418064, 0.40342169484190377
1.5345660482929453, -0.04166541918159897, 0.658799939946113, 0.5707658952010978, -0.013895120103172825
2.5606093742843523, 0.8156465085245026, 0.3843439527825124, 0.19757719266960003, 1.6394807447839463
2.537982539483727, 0.2696970865424307, 0.2470817748251264, 0.4198335918056547, 0.26257635367344123
1.3272216898747342, 0.7828085413461029, 0.4757664619795166, 0.49371342914607597, 1.1873801372833537
2.9741777665731375, -0.8830663676109017, 0.02970488398274251, 0.09348130303005486, -2.9330463376601603
2.9105404475882604, 1.0360719198296504, 0.8489492662911209, 0.23957609981088754, 2.109908371905698
2.3342288609423547, 0.3783112011403425, 0.02081445079124221, 0.029397182957723925, 2.2613673234090808
2.5441617732749076, 0.0730521597592833, 0.1895563725665338, 0.1097450251916363, 0.13277706875092066
2.1968759537017566, 0.0576023336690017, 0.5564452904982233, 0.343442788917556, 0.22096849981856764
0.6514360211617679, 0.005355849360106099, 0.008128207345111136, 0.0031541145918927227, 0.06853184418971424
0.7965113244463446, -0.05440961511868093, 2.1619049386633205e-05, 0.004845704812982607, -0.7817151346584177
3.2720600000000006, -0.9291070356216998, 0.008190678556350578, 0.08203733737138034, -3.258221309358488
3.2115584274606217, 1.6539787229145104, 0.22413166002428253, 0.2797389184778272, 3.165049059159466
1.4468498025142904, 0.7755569989533462, 0.8526434003767582, 0.44507476946146196, 1.2758975220098092
1.791283030627218, -0.14227200245343416, 0.5486895972067272, 0.4246170241322364, -0.26394780899273274
2.70896025362283, 1.660276881227374, 0.16983051903149582, 0.4684276868501376, 2.5050273464238955
3.161131144484127, 0.6642231758729639, 0.2794975726551613, 0.110323804036987, 1.9591428567635012
2.238275406711503, -1.2484621216847998, 0.4459938350567427, 0.4550678485618399, -1.939582093412258
1.313660305931677, 0.16833463577140587, 0.01947313674800168, 0.02168489615873356, 1.2215624403345569
1.8373436711960687, 0.5505114020504844, 0.7104422490187919, 0.45084927802956676, 0.7920638536875643
2.1141384515534494, 0.5109438617431088, 1.2923630236600845, 0.2860825164616415, 1.3825295902910926
2.303350686528217, 0.17482260893525198, 0.0824898326975787, 0.016650572674078813, 1.2052781554851744
1.384844949303304, 0.430939965174231, 0.8772702088524805, 0.4753604014016628, 0.6742054825079781
0.30450162335734793, -0.02026322972597403, 4.289230183575343e-06, 0.004625270702557085, -0.297991730998834
1.7683491735995123, -0.16040478580017148, 0.6557635505755742, 0.44872810715378497, -0.2606071133788057
2.243300551731845, 0.3538992796906303, 0.5125357369135066, 0.28705642761731687, 0.5289624035802658
3.45133152935628, 1.27710029454454, 0.22631002949012902, 0.19391998629955445, 2.92319627616221
2.4715708608420623, -0.9787935171151932, 0.1240775376889907, 0.18059425692638226, -2.34947691749335
3.702773489970272, 2.0050849010435607, 0.11604602600370585, 0.30480378725051377, 3.6661508142486214
1.1149384529752115, 0.10502782584432271, 0.00011607819894669456, 0.008969413392731988, 1.1121854563275413
2.9352441084644436, 0.4289211263053015, 0.15200274844243594, 0.05483891124986503, 1.8408758744205351
0.6791270904570484, -0.047125576185840096, 0.0003461117126329163, 0.0052991150771992575, -0.6549796737617093
1.046405986929014, 0.3566747206718421, 0.7525894509045671, 0.5016449411473577, 0.4598568851436646
1.2905531962217136, 0.12421825275056202, 0.004112564739593311, 0.010059761426697763, 1.2633984275625718
0.4957140328347802, 0.038761880874145165, 0.48802551580790093, 0.53025142599425, 0.04146859351983541
2.4870644342075825, -0.42878779848421855, 0.6528678708001772, 0.3768298847349486, -0.39591361522556134
1.560202068473154, -0.5415357417777305, 0.7664098949703794, 0.39189899972654113, -0.9624457817945455
2.70391157255, 1.5890187472650295, 0.43044176557427766, 0.47829141824772115, 2.4008486982924073
2.2272590351535824, -1.3009905681361178, 0.40307663581657244, 0.47885591936195254, -1.9721614203304967
0.806412836359453, 0.20355387305374653, 0.45777506507102755, 0.35599653091721634, 0.3559257792248472
0.5283621942283617, 0.016822352072319413, 0.006265075346495607, 0.0028896097102784333, 0.27377282716949414
0.3500904510492524, -0.023510231268486642, 3.868467973398418e-06, 0.004585356199603096, -0.3471892799909451
1.7787426397499086, -0.06853256856891203, 1.0557229335629192, 0.4851614290490187, -0.16009191906100662
2.1238055198889736, 1.200451153758965, 0.34561233027739646, 0.3509206648601836, 2.078541119931144
2.232251986613906, -1.0673785872142667, 0.9422804844925807, 0.3856749991738434, -1.872267046768624
0.6398994410845418, 0.3624742805625027, 0.3033059453804458, 0.6147901092590935, 0.4975172656599365
1.3275373542305082, -0.05972153196583516, 0.6565543716955635, 0.5245004434508976, -0.1962138301819716
2.377925696674679, 0.5671961966597232, 0.8457343577402238, 0.26274038690594853, 0.7655348839322217
0.8454613491714816, 0.33835676501475254, 1.4036887504719646, 0.40381076361101664, 0.6289255781967109
2.041056542838708, 0.3097319941936233, 0.5100773715839647, 0.16241182153517403, 0.6812964908610121
3.363309362055643, 1.5384027718868512, 0.26141616783857186, 0.2367266560619074, 3.2660899379761053
0.15170447255101613, -0.13724727942570566, 1.007237517585107, 0.5403963725206523, -0.14216137794866315
3.078076399233337, 0.7377473206397674, 0.007088393864670618, 0.05831757537756795, 3.0621761907872393
3.47234734150898, 1.4053184126244078, 0.35940704722263705, 0.21696330295345717, 3.045489123247599
1.0459111605741918, 0.06320474789504851, 1.4664397359704588, 0.3597789095434839, 0.32339000659865663
3.4542501508477583, 1.0810815572782773, 0.45049401692344637, 0.17374249014773518, 2.312831658031082
3.27206, -0.9442722454233328, 0.005542101239380012, 0.08438676678793115, -3.2614216319735503
2.220766301332157, -1.221170371270496, 0.6471239931612465, 0.45145327312758604, -1.9348938607624162
3.361649270723183, 0.7182320129589773, 0.42488656388718943, 0.11251748664955065, 2.1108191008086656
0.056262948648303626, -0.03898680405580538, 0.6042305281097636, 0.600512918434845, -0.05469553649873459
3.2776007671075575, -1.6318682611689217, 0.10663160214649268, 0.2634102039343928, -3.211284675556593
2.1468811866407105, 0.27513593051642393, 0.4452451694749476, 0.2315160849258417, 0.29652774631912593
2.391747856344498, -1.4481084945341274, 0.2124363722273442, 0.5503379802746651, -2.079091978813154
1.897961805932214, 0.5999257075758108, 1.408468631974583, 0.3448021413443258, 1.1894209410717793
2.8589455068380323, -1.6245725066423133, 0.4523290793847788, 0.36879627981354873, -2.7542649387641633
2.413965956862293, 0.6148106344157714, 0.5408911103565087, 0.3040500836193327, 0.6725484849085572
3.5394156063797713, 1.3218654308782498, 0.1886974868454671, 0.1612400849440551, 3.4102262343724536
2.9477685975147896, 1.169381302275909, 0.43753384758596026, 0.24089528282984538, 2.482612542232752
1.3892489680812252, -0.6939896111339559, 0.6990399043687745, 0.5559259231183038, -1.125615397424757
2.1549488240088595, -0.12291858781375846, 0.22354442843783282, 0.5647358182018156, -0.15558898606045563
1.776289345132429, 0.27460326998500123, 0.1735637880464071, 0.04956179724794715, 1.2173028637890508
3.2299797280795137, 0.04191602165973811, 0.2570949759431273, 0.14003514513744889, 0.44183045907856056
2.445571650492486, 0.30196028475934894, 0.8908199318471639, 0.2751465680526786, 0.4627545663375773
2.9562142187918004, -1.730775149979908, 0.02383242092288715, 0.34544830968069173, -2.950044406029294
2.376458099628312, 0.47061661556691575, 0.30341921276284967, 0.4033255743385436, 0.4898544196024227
1.128727258286353, -0.6194486222074247, 0.8791655605782064, 0.4632830054501445, -0.9355249033161022
2.1642344978568526, 0.14616486087458866, 0.039447306571756095, 0.012931017432910358, 1.1713522645577772
2.476826588890054, 0.48228836540321146, 0.6635250878217236, 0.2495213502222419, 0.5355517214314582
1.2416788529975524, 0.024687739089071264, 0.5930756736577439, 0.5845143330654358, 0.05890599013548225
0.3160373833220717, -0.021150312804059535, 2.6464622733507905e-06, 0.004509075404290715, -0.31497171950885355
2.169509021192588, 0.14044410114568412, 0.33725816486721194, 0.43034788794622614, 0.2588273645187473
2.859105319517756, 0.9072297013033593, 0.794147042165644, 0.24483849531673876, 1.5102189935210444
2.0553197671460954, 0.499074243451152, 0.5498272033291035, 0.2948805901695283, 0.6332103769104949
2.1885463135186023, 1.1001081701096223, 0.48494632269216653, 0.30004046538922213, 2.0999777186911226
2.514775085036656, 0.4567788830810639, 0.8134834512726465, 0.35523888601118736, 0.7891623101374844
0.5608948175014737, -0.34247140552612904, 0.2054473315468745, 0.6260147792919958, -0.478370417316266
2.5405610195633246, 0.8117043088548441, 0.9568838088344979, 0.28657352145384807, 1.6910427971177027
0.22628844341190454, -0.1513303540578462, 0.46800043827009047, 0.6121277938908918, -0.20652785227290418
1.595930665290692, -0.0033652887093782147, 0.6917381106173951, 0.2013595593384054, 0.19536793733164357
2.7317150592668415, -1.3633992158808184, 0.8646123832930832, 0.3844156744664942, -2.3566497540387066
2.524497435192679, 0.6847473737095585, 0.4490361022027905, 0.17572102496829392, 1.3575463497807774
2.2884317776975815, 0.140318086300124, 0.20852676567378203, 0.4901701308275362, 0.13424090038432282
2.3234722496635203, -1.1111375711836655, 0.384223125200314, 0.2650663206169849, -2.2484306674828773
2.7136275299728823, 1.6870218193475741, 0.18178163186532054, 0.5013419578614645, 2.4568956936973914
2.6846860188757273, -0.4815494305514923, 0.45217435518606636, 0.4241633846402356, -0.419407520631271
2.03798948055393, 0.08602801270930743, 0.17408177789865575, 0.5268947451583471, 0.0873884729948063
2.6722913205291223, 0.7208647656057228, 1.4717680396151274, 0.3172954351501873, 1.3689315969856586
2.2667200662416893, 0.34574764271296327, 0.0006179209867842938, 0.023693479842332933, 2.25587181708823
2.3158697453617525, 0.3716085358794853, 0.012674104133468653, 0.027680537658152433, 2.2693860316841823
2.318517207416334, 0.8806977183563441, 0.09814866019094222, 0.1587295259654043, 2.2510448912660754
1.5124119619738245, 0.7195880137560877, 0.9585832528341491, 0.3695527211120315, 1.2692242625340784
2.7794044834498073, 1.336568818568548, 0.6492421890314088, 0.38444582745651523, 2.2984032963971526
2.64399832876321, -0.570108079442242, 0.7795860564178477, 0.34124346501579667, -0.6597094169851343
1.534362291426149, 0.9394575108884315, 0.2227785928965653, 0.5705448244364253, 1.3280373641641356
1.2990611105558165, -0.7826056057460075, 0.19859823713026767, 0.5950849254869545, -1.1253141908119584
0.5046695612162649, 0.022308329656082284, 0.006284174600453632, 0.002856688409774641, 0.3991333809600187
0.4868799621504166, -0.03153864771424527, 6.011455791750481e-05, 0.004826641150098947, -0.4557204857073409
0.08739523619322936, 0.047309197967457715, 0.8986766880092965, 0.60035373751198, 0.08583318293662824
3.2542520677383773, -0.008711869590863834, 0.27266791940817403, 0.0939983756770988, -0.33637151754665007
2.021545933526041, -0.9891989299667753, 0.5297600983234655, 0.32952389721586145, -1.5732207413323869
1.015496448375476, -0.5160421250077207, 0.35385540049556874, 0.6005597595165184, -0.7867305080906243
1.9899022116400047, 1.065115957322073, 0.6717677964753667, 0.36913384083218126, 1.8455138756347
2.779632904655289, 0.8192537567383485, 0.012120716061355952, 0.08977328760004545, 2.7548589807959805
1.7918829732765054, -0.8275527708217545, 0.6592195444531898, 0.5586058977944687, -1.3673535487334108
0.23095136359164412, 0.006538469033698937, 0.00697616959248698, 0.0029928165726659096, 0.09345018658396481
0.6023053553876696, 0.02827359354365435, 4.403362028919999e-05, 0.004728292861529579, 0.41350634472710746
1.659335153391995, -0.4792587886784066, 0.5327228905337107, 0.5485359529558711, -0.7877581951417416
2.1950489694016793, -1.229160689445207, 0.4715984429709362, 0.4639575737263202, -1.8959227627690998
2.4597411500350175, -0.9303274648561769, 0.1388195279391372, 0.15991194090634417, -2.3857384439871843
2.7315101431238444, 0.6732466788861163, 0.13833111900625755, 0.07523629744514583, 2.5796163916046817
2.994181724811435, 1.486871815387424, 0.4031662096451844, 0.29217884529584714, 2.847129134276863
1.0921944436394662, 0.004555011627892522, 0.1904815314322691, 0.5470991866024721, 0.006955867650037551
0.26619837076787795, 0.00130010300586943, 0.005983286457106911, 0.002773453185148386, 0.020686801827711532
2.9741777665731375, -0.8902814849101204, 0.02618660371897528, 0.09383525465690416, -2.9333076996774365
2.0132877599547347, 0.8093973978014817, 1.122363805281898, 0.41415090052573594, 1.385208593342965
0.6290921289142362, -0.03347424521252709, 3.393504035138796e-05, 0.004770713644075867, -0.4869475254413571
0.3938661482786018, 0.012331720637827465, 0.006845228010706129, 0.002973110409224213, 0.18746763887418352
3.2158683509196155, 1.8947669455133935, 0.06907618920517895, 0.3527065437184924, 3.206104154473433
2.9762167092146963, 1.2797463553199144, 0.134834520548623, 0.19522391169351472, 2.902886700836553
2.921806079070272, 1.218456430913524, 0.3273423169789787, 0.4167680550854065, 1.785758254034254
2.0846782295233752, 0.22505597333933167, 0.07295496965666315, 0.02923080278147493, 1.1966958447774234
0.4091529854714274, -0.036922787296363266, 1.0956380684292382, 0.5205900071641604, -0.07416589629717937
0.22132534939251425, 0.009824627325152168, 0.007210228870182409, 0.0028605174888047323, 0.17092780269127886
1.6318136010695357, 0.1226568151381718, 0.9675975412298705, 0.4736864054741368, -0.0236602399018926
2.9094227108688826, -0.8415775316836526, 0.047523624191736884, 0.08799422299239001, -2.8620012110495896
3.218077590364336, -0.842729386728749, 0.04503516124167043, 0.09650581760782875, -2.730559379736684
2.723737091255915, 0.6329898844039357, 0.5511986463220774, 0.26595818830380474, 0.8253235325598978
0.26554101263265595, -0.18028230006902882, 0.15796115900899635, 0.6066995254991561, -0.24407217869385214
2.3400163952006685, 0.20717850268134197, 0.8343447337462377, 0.22321618621653255, 0.534086132997527
1.874818403766241, -0.30091881696069467, 0.4534825261892033, 0.35766466765223937, -0.32322668235838925
3.19947641194904, -1.6909681221141255, 0.6687049742635743, 0.4250398458677755, -2.7464684745609627
3.0276428691432637, 1.0909597906000996, 0.33150119363961733, 0.4100472499247698, 1.7029034861199377
3.1130166219531135, 1.5505562575671659, 0.12830566510776695, 0.261426587466857, 3.0681418506421925
2.456787264571477, 0.7706008333348283, 0.5440266480192504, 0.2515460816625261, 1.385667901114696
2.5747171037670786, 0.7695584200885699, 0.4612226856471798, 0.15424521765194796, 1.849320271063776
2.6333119221677426, 1.3920623071114446, 0.9653732889196074, 0.41901226565890926, 2.2994387308107083
3.484662545736957, -1.4054413772899472, 0.059426781329359794, 0.17273446157130512, -3.4154547140939355
2.099007941167883, 0.3427776382089743, 0.01819824807663753, 0.029049261831431937, 2.0447774879824285
3.2154498827447298, 1.606598028989935, 0.48885007459981067, 0.3005086262013441, 3.057515090809975
2.483852793403477, -1.153325475844064, 0.5468072924810321, 0.3408170454091319, -2.087201455576303
2.4985580242266052, 0.0789523165444534, 0.281143803888552, 0.13527228639874417, -0.08790412619591713
2.036712122905817, -0.6257704984347787, 1.4699892547137148, 0.4521197276265442, -1.4053572132250807
1.0332859910939514, 0.14049043689311994, 0.2391084874767244, 0.5618346948343996, 0.18524804499451225
3.0773298236594475, 0.745497492067624, 0.0026817924973803016, 0.059150928675542384, 3.066805164682998
2.5672623988439707, -0.4728500733928173, 0.67966585322884, 0.38734545925608166, -0.43461889041817015
3.6080147669883673, 1.3004683795301364, 0.40117103934043874, 0.18918757656385096, 2.8852401913555044
3.4100963022922643, -1.813290310100668, 0.15932929737343315, 0.30305202676329906, -3.3403656056903896
1.9950861735697014, 1.1987080239916532, 0.2187322981909228, 0.4108033787671627, 1.9007496339249335
2.4250265173514967, 0.18735111185393852, 0.33826049669008357, 0.06225814833988028, 0.39378117940893603
3.1821836334167948, 1.7075628262319846, 0.06286013312121255, 0.29601070406774865, 3.1567905084542507
2.9618732041541467, -0.8543756908824516, 0.02766565053388806, 0.08614216849980369, -2.931208650076269
0.5271682282398479, 0.10502186787942326, 0.6216886155528342, 0.49073783923806347, 0.14068674448904483
2.252467541231001, -0.2337059080759584, 0.18732495332666801, 0.40175530390822173, -0.46305972121098743
1.9961741806572033, 1.2130537885416037, 0.21277332028564339, 0.4167325028355936, 1.9068318236791029
2.5676742868141402, 0.11610437707843202, 0.6469518549589549, 0.42260829836837566, 0.07764950519325396
1.3472312324529616, 0.5782054258483743, 0.47519694834765736, 0.47852706520717847, 0.8056043200884249
0.46472573044730564, 0.09735841996160519, 0.36295293077927565, 0.47756364985074123, 0.05428127155075191
2.5990299480390973, 0.6179797868607628, 0.4714588828197591, 0.40588815946544005, 1.0685214924514477
0.7707311958202133, -0.18129529075806833, 1.6499416109899128, 0.42540820295095017, -0.23881698693680356
3.0310273911514627, 1.4429734506103136, 0.3193943107709363, 0.26584716797478336, 2.857389585090055
2.7440963043999704, 1.1943068414854148, 0.22917358351485312, 0.47477074448680634, 1.74137317865738
2.9068033117935186, 0.5389728837973531, 0.5607709631801575, 0.296586889090235, 0.606110761113228
3.028236907071756, 1.5177127133935104, 0.40471050949958953, 0.30207020831906545, 2.794658514004995
1.4902373590683666, 0.8658225802784714, 0.3296396348312949, 0.4744513444063913, 1.3243162269157613
2.140441655006683, 0.24010572474448083, 0.6952916399990692, 0.40938279953455575, 0.4712387817314545
0.6434531235173615, 0.4139988116563221, 0.12018235814281678, 0.6440884534633083, 0.5602938656624293
2.2923868950810653, -0.3100787749356717, 0.0024559538336749068, 0.018746889438595437, -2.274692162415682
2.5922031463937127, -1.3046690166376076, 0.30296115089095754, 0.2945545806819628, -2.468898370985801
2.629257516938761, -1.5567648530276432, 0.3345397498393986, 0.5266314182100981, -2.2831407609736236
1.586713077591338, -0.3089149850354556, 1.8112096759467127, 0.47201209235613, -0.7713975802626374
0.3097598162199156, -0.014068900014693908, 0.5931744201702873, 0.560873329227854, -0.05223497502596881
0.00019839000340083672, 1.4612338060190535e-05, 2.196321532603103, 0.3995829100882811, 0.0001149703662279188
1.672359904765188, -0.09501993570792475, 0.9714906693544565, 0.5719963836872626, -0.45669736267514244
1.5999102492581647, 0.24887664498856268, 0.14804461349902265, 0.061177429088028916, 1.0268191700946547
3.554994878205843, -2.1956726657674235, 0.23666767475225658, 0.4449471043640362, -3.3442611832641482
3.3420342058054278, 1.7682037392625165, 0.09468753990624769, 0.29232132046121095, 3.3009324672427143
2.434148697892854, 0.6470226545516954, 0.6760245416577156, 0.2846882718090245, 0.9570417781051418
2.396202386468354, 0.2620076255865461, 0.06568739215103223, 0.038932074274007904, 1.3139055627087473
2.633233075748422, 0.9655080691897673, 0.5997972042973381, 0.3613072599115278, 1.2644549989543454
1.1137993725172084, 0.7038253918264483, 0.3138500028281517, 0.5158886687606233, 1.0201460376365408
3.539415606379772, 1.3092334011260645, 0.02900641596504294, 0.14361059180756755, 3.486496887169598
1.1019400508085702, -0.02395017944118963, 0.0060763080586722605, 0.0031012363755995413, -0.41217952426328613
0.17810177837118527, 0.01105533957089627, 1.250966037243462e-05, 0.004448173517185623, 0.16574207761866147
3.538956502781104, 1.3366314925883813, 0.13599234734354382, 0.1597807890422278, 3.4452682898149045
2.9124295495267587, -0.8426116871437414, 0.04731339384931573, 0.0883893045885506, -2.8620279452279807
3.2746012272198355, -0.9161677439754093, 0.0042890759573019875, 0.080049170023905, -3.2537247420531554
1.9026324243830015, 0.8158744446269445, 0.5551740192222845, 0.386451376790382, 1.3030254925665552
3.13782213714752, 1.6115253652350825, 0.3475653665311676, 0.2958015706723476, 3.052113389320712
2.740533220643369, 1.4600119231316966, 0.5105266353417712, 0.42358626292217294, 2.372060770780195
2.7122466819399262, 1.5265140598853661, 0.4111910669517416, 0.4600012455608404, 2.355768947961826
0.596697385011128, -0.3738874008740538, 0.4814416124994006, 0.5783124255626264, -0.5162689775627635
0.18210160141904336, -0.10981891123281246, 0.42336244664442196, 0.5076404501537034, -0.15039334181543457
1.6043604757513972, 0.061219738419102214, 0.35215964147946016, 0.5653967983792252, 0.0634692635995365
2.2897979494860317, 0.35685514699989, 0.02214791064489614, 0.027307984891171425, 2.2103030194404547
2.7267411177900085, 0.5592851004618438, 0.5289487103909226, 0.29929504172478527, 0.8733578718635993
1.8327016974462882, 1.0718816639562376, 0.3757478534349778, 0.5342734609474458, 1.5688301197885521
0.08293481832036703, -0.045805826503998566, 1.2673745006046775, 0.4652793579696155, -0.05507194599799326
3.123438060620379, -0.9065536966239809, 0.0824476873664344, 0.09110167776466255, -3.038481432089748
2.5518254673998713, 0.35871257504323245, 0.808320881882885, 0.36934769587771016, 0.4318819154862858
3.551340002595899, 0.9050698595337439, 0.789038632127843, 0.13155460973112823, 2.5937487324473962
1.3399633387764598, -0.5721218111183723, 0.9798933165452648, 0.4509055819872598, -0.9610066047866205
3.4372294852033862, 1.352335031091102, 0.5623845860221415, 0.37406349622040375, 2.21331531589928
1.8898117231686171, 0.07774716929829627, 1.0551381646726308, 0.1679575663138772, 0.5316962903812413
2.005657453418632, -0.39986228117489425, 0.5740532105046983, 0.3589807549609433, -0.4592192849949489
2.0337128576706864, -1.1276594982358512, 0.6836983122711817, 0.4379485440850632, -1.7985868774675877
1.5797966962995613, 0.18325019732024309, 0.29045605806742913, 0.04357723335787063, 0.8566696463028002
1.8418100726550395, 0.2346581788731763, 1.1858805116431335, 0.32601074713512174, 0.7522299108747013
1.3824388943559387, 0.28280220039501797, 1.3172943576617415, 0.2094874895509819, 0.7294328169410904
2.3443511340151177, 0.38539792967315184, 0.013902071921989384, 0.028820930796907698, 2.303328772236173
3.5300497676582063, 1.4693687397837585, 0.12661671772003763, 0.18542831882649147, 3.4698498989697497
3.5494674037770726, -2.164504377269541, 0.27509116801817063, 0.4417620519984836, -3.3324357004792313
3.2279104635222056, -0.7996291263821736, 0.0634753267575434, 0.08197791975464062, -2.809385813650282
3.2088677301485564, -0.7674192300800778, 0.045703084630293864, 0.07516101724742379, -2.842944298264267
1.7370159002426364, -0.5819383882996809, 0.618092578566214, 0.540755405014922, -0.8821443520228114
0.4364426904128442, 0.0034308116459013053, 0.006586288617234035, 0.0031719432822718374, 0.05259899894220454
1.9012254463995155, 0.02321050353496301, 0.02746001460310583, 0.00860184485274063, 0.22306313965776614
2.0261474252398997, 0.06517659997164699, 0.763159761392295, 0.46784987602057254, 0.17080944870395856
1.493163073936655, -0.4686472321691629, 1.0993794395766883, 0.5425295079907098, -0.7368298768879598
0.6536760657429173, 0.021869979461073333, 0.008410003590480745, 0.003338590777676681, 0.36069597909701784
2.1754590776937057, 0.006096608570005233, 0.355178355636337, 0.42212814978958746, -0.06931123291259748
2.8788017182663883, 0.4851489397106047, 0.2129112075848833, 0.06887224235707985, 1.7331660446455102
1.1710129965362264, -0.5757966181786767, 0.6493421071115875, 0.4970108134506787, -0.9169769181634486
2.3624258640281535, 0.40120701673880915, 0.017097932198502756, 0.030722493077025615, 2.3224098139397955
3.3873346481735234, 0.809472755719994, 0.37199452772948755, 0.10962143028132697, 2.2358832403469533
3.076014039156671, 0.7398041876873046, 0.006163147042421063, 0.05858689756465261, 3.061802497258408
2.856891014113225, 0.6735036257557386, 0.06663768724957263, 0.062280379726693855, 2.7433997566022845
0.8290887337278633, 0.43659985008913993, 0.8880109973143423, 0.5221020099197178, 0.6697761739910691
1.4317912514558233, -0.7803922062386514, 0.5324141051896552, 0.5157727976133808, -1.2204921251481604
1.486082523769383, -0.5663997687339524, 0.6215632549960377, 0.5921455886614966, -0.9832277493814898
2.456306020383029, 0.9173207863707753, 0.5205958406039454, 0.46922827062692724, 1.473268755264205
1.8199784165171726, 0.09181516653674696, 0.8143883456977857, 0.1782442049892647, 0.5081283561542331
3.718135249602687, 2.082028395342102, 0.020797672131291304, 0.31771946212469193, 3.705799083722245
1.980732622401629, 0.2954787996885327, 0.5035620271217571, 0.2268434807413098, 0.23646173003476492
0.696412154370675, 0.013023026185693138, 0.8639672595770129, 0.3805816388223802, 0.007777288633956493
1.6485700135632382, 0.020834857007662796, 0.9100934286248982, 0.5659372609237928, -0.10903847167306363
0.024954454981820095, 0.01973640791324112, 0.7893826768666188, 0.6491061206526372, 0.0228067014320705
1.6428354948833757, -0.3645508587568844, 0.2845958730867169, 0.6034334130886955, -0.575727224003628
2.4862584495468814, 0.09065870696380733, 0.4995312746453971, 0.4835581486323649, 0.12610765991468592
2.226389761037623, 0.858653014634137, 0.530152524401138, 0.4790471776831329, 1.3606568066534745
0.00028065918169486315, -3.6472801250887174e-06, 0.11454704371887933, 0.7185333218486762, -4.116134479473121e-06
0.6557428923801902, -0.04444676334759502, 2.4774072801723326e-05, 0.004685151848977018, -0.649428340528794
1.8263580245615159, -0.5312294094018045, 0.6362628907685053, 0.5367103244051914, -0.7450331379367917
0.5602410211745997, 0.027554058498759106, 0.006542605626783541, 0.002897720410315236, 0.45826385127831676
2.3262886074425735, -0.3689287289778285, 0.710212198358873, 0.43311950903581314, -0.6672641291208997
1.475539804535734, 0.2027362141075545, 1.2135415919979216, 0.4107022752481751, 0.5190769024725956
0.6068690291134547, 0.22644819232482244, 1.6941156387802252, 0.42254003477682095, 0.46293799193518526
3.3897710063158555, 0.8983246701427542, 0.5796625557761803, 0.1336139067819197, 2.558585163156976
1.9276710987278336, 1.2043111349094184, 0.2240418178470128, 0.5876745750137574, 1.7355958325352767
2.16212619148366, 0.29951109988460783, 0.2534524222795264, 0.06507000183242269, 0.9243236156337697
2.4659419843760024, -0.3985236338282153, 0.014426496420869279, 0.027768610428438735, -2.424379652188464
3.2697179751112833, -1.581137273633614, 0.6194086326646899, 0.30922211989710446, -2.9180116476330675
0.9019451023298471, 0.05168210689776087, 0.005378820588957373, 0.0030866348617004996, 0.889082594237584
1.8572799199497916, -0.14951152644378982, 0.0015561534146383033, 0.006635739086500922, -1.8373577994406929
1.8160904203521921, -0.3957297305520124, 0.6843126058138144, 0.5534864075189188, -0.8446188474803158
0.1270217975321966, 0.06567246636236657, 0.33469689531914604, 0.6581143343300178, 0.07110080489705281
0.7433382683738837, 0.3958740209550339, 0.5663844440628197, 0.5284630993397996, 0.582103257845278
0.5534799821136853, -0.028422064808239455, 4.352400999541501e-05, 0.004711528801326757, -0.4162848963291361
3.488002455146854, -1.3896017788500734, 0.08711740633318937, 0.17051962289824987, -3.4116166225458526
1.3628324069414066, -0.3813225107425566, 0.5195689025815803, 0.45515834675377126, -0.3080721754448043
0.8462913551400516, 0.5086474823004096, 0.2586016758462738, 0.599532893374954, 0.7411623156503931
2.1539945767625297, 0.25321063696056034, 0.3848357815430943, 0.33851513367568953, 0.15795174474224072
0.4738720963118985, 0.3310181510055335, 0.25567300328087933, 0.6169660706018422, 0.422415305520198
1.8509815386712767, 0.26075707969054807, 0.06703414364769646, 0.02578725421049827, 1.6215178255871334
0.5457700706054189, 0.28299376533739495, 1.725917421016609, 0.4594457991431851, 0.4114344244588182
0.7002972401213832, -0.33288512895524436, 1.1713566783520484, 0.506452818101409, -0.5108737056013056
3.5864868262440273, 1.6802754782228317, 0.40384693193095733, 0.35440266960325745, 2.957948004184138
0.3291591464504643, 0.1259140819198473, 1.1544004968864268, 0.6270414233424784, 0.24542596665124428
1.6116746063339054, -0.0014684601450381096, 0.18680159076866354, 0.6025743693614277, 0.011063269755006891
0.24378229222456727, 0.001708322024756036, 0.005874101705217608, 0.0027718709287196225, 0.029449562627613356
2.230035056812257, -1.4127968588432358, 0.12063373257249045, 0.43816303154615854, -2.1517659076976656
0.9767066945336141, -0.5719575205355768, 0.2916915047856812, 0.6098888387377506, -0.8286831467115182
1.6918981097940284, 1.0158946687744292, 0.3263768133137424, 0.5791212205826507, 1.477305441007712
1.7436519591283066, 1.0246147111542603, 0.24493015354898728, 0.4589533554331777, 1.4804506148468253
1.2761128993038136, 0.13598791837447055, 0.07362776754145081, 0.02618304910995579, 0.8201780137358545
2.58283066785254, -0.2297127945049309, 0.3181213649856257, 0.3369702889381586, -0.20667817647743092
2.9240259399679873, 0.6730878172251711, 0.656982196774745, 0.113521472314588, 1.7585006446977445
0.8206084701629547, 0.00458909586994732, 1.328032862648121, 0.20087148980667252, 0.14597959113255266
2.005755143740614, 0.8178440535874637, 0.7593081913372645, 0.4568934851849595, 1.322843056872899
0.3360760992406625, -0.1795813260887704, 0.19144397490881893, 0.6736541982742602, -0.2614886251757245
0.6097612067994105, -0.04098442256098338, 7.463790251859961e-06, 0.004664506463857601, -0.6000401042875807
3.6954401960891348, 2.0643484500022664, 0.06380606466815386, 0.3235196643537609, 3.6527772467925588
0.4384418917746607, 0.0821775765450373, 0.713592415924319, 0.3100403021918987, 0.21583482764803708
0.8512771087936648, -0.05766073250797417, 4.8408718708923335e-06, 0.004627792090805556, -0.8476112055285998
0.7840823213006962, 0.5024576983849279, 0.11183846274766583, 0.5961757823142355, 0.6925423542703899
2.980360778805164, -0.7704184179544477, 0.7127912738992798, 0.3231553827674301, -1.0739655802481907
2.7201482572648876, 0.4864498780987966, 0.27726965791474883, 0.10611290643348291, 1.5081835107711965
2.2383782756133956, 0.34786258185707664, 0.3888017047707572, 0.3797509585151225, 0.24595211286704888
3.2031986208730747, 1.2450919975951766, 0.6610192129645627, 0.34632245690962626, 2.053612944413367
2.0304332019848896, 0.11166723110684652, 0.9103366736668018, 0.15600872321755543, 0.6804528556767159
2.5725032092537923, 0.328944190455327, 0.18698255297244054, 0.045579052493928865, 1.3125187931523417
1.688543241462818, 0.4468646717103982, 1.607842070192485, 0.3655394649587128, 0.8809822347407099
3.4859036219310315, -1.2972034624557016, 0.02298776611114078, 0.144290995873649, -3.4489035107210526
3.4859037297416875, -1.3350851250928435, 0.012013748928099352, 0.14928122137263986, -3.4691485759521106
3.149530920701384, 0.8298149861199847, 0.0040248230828249494, 0.07003341860155882, 3.138095241589494
1.8307558977012197, -0.802030259961404, 0.19956276348366522, 0.5911050777899863, -1.1535768671528162
1.650994807648004, 0.9777175268746996, 0.33214819657222444, 0.5665020467429926, 1.4365636634075896
3.474687804907827, 0.8380648366704264, 0.5572543620319146, 0.13528961573772283, 2.1019305190865354
3.5160243158189597, 1.4591186648517203, 0.13696094719585453, 0.18816904851626984, 3.4162248453668855
2.5571536644900297, 0.3740515409899959, 0.0007404517459563907, 0.021558179167781376, 2.5481344219549826
2.036702415265468, -1.147698065130109, 0.5286689375149657, 0.4425541684312316, -1.812169913570108
2.7038333785154602, 1.49105493888218, 0.44295059053041874, 0.4366089237889173, 2.3552542383386124
1.6063009656506215, 0.5517057488730182, 0.48837549346589576, 0.44732058257952223, 0.8241335545058184
2.606077059100234, 1.6402936072740504, 0.10096787984399049, 0.4812746828015693, 2.4122353392489124
2.832370637627289, -0.8297587047660859, 0.35705374671504325, 0.130041931592369, -2.3427628516510457
3.21292106533543, 1.9211103889137648, 0.050107451806308226, 0.36294943380997124, 3.199742839157606
0.5656023147250988, 0.027281934007387553, 0.005403898036945074, 0.002621426982717189, 0.513514055320739
0.8595238940654741, -0.02444894370059738, 0.23368018622637912, 0.5672986285259164, -0.03463303439904188
3.5394156063797713, 1.2697520288361344, 0.0983545816336057, 0.1447187131907956, 3.424532295947164
3.2416015087243717, 0.855867661383491, 0.36576270431136876, 0.16068738889746073, 2.179408866999918
0.00025024232627487796, -2.5934563436960633e-06, 0.1145471223306779, 0.718533373923937, -2.9021782117896644e-06
0.2780106361433312, -0.03969915548324442, 0.6219305955781983, 0.5018025592125914, -0.0346042783209445
3.636985865502023, 1.6798015887546591, 0.3101969589411811, 0.2664044267349234, 3.2850993165927376
3.031675834433003, 0.7255069413067099, 0.045388601628158984, 0.06235422379809537, 2.948991367171698
0.7490345534359605, 0.034000475556600455, 0.49437977778983155, 0.23260415189453468, 0.0970296613994556
2.727738517401574, 1.6291714553293044, 0.2798205938395329, 0.4790724011681239, 2.439779409963244
2.5284028693991285, -1.377890717475046, 0.6995308172918264, 0.3814987018257584, -2.3402576856644934
2.668893936764119, 0.9149645306869633, 0.5399803919839016, 0.2039951982610715, 1.8923949766854304
3.0987000000000013, 0.7275303303441565, 0.0031498287163292667, 0.05556555424345865, 3.091860089469876
3.178534191095533, -1.6651123395005636, 0.6693035724701787, 0.4265381230528459, -2.7301881643807184
2.061301069095645, -0.03934468957141412, 0.39670382564312395, 0.547814848664673, -0.08963996648965614
3.1895089018660743, 1.6833152716642596, 0.2265124470013842, 0.3046774019449093, 3.101056658509833
2.2560321236897267, 0.35845764357273535, 0.3948282989793487, 0.07197134530364088, 1.248938005217329
2.9666845309487604, 0.14555076137984493, 0.4571265439007402, 0.44313237286632523, 0.2532297822769402
0.7440753528093154, -0.02865023098991097, 0.24920421046350907, 0.5928859097670148, -0.039287674603271296
1.0148821463320854, 0.10127941156388069, 0.9523082871399012, 0.4946511704877827, 0.39524025736335844
3.2316609017424844, -2.0540001996609485, 0.07027125721121875, 0.502045289146279, -2.96148937657003
2.908492111119549, 0.7485926429274525, 0.6253335443244555, 0.41611308934781654, 1.2533169783282012
0.5776401137062601, 0.01841070108597602, 0.006795226208096521, 0.004205390933723845, 0.24692502565608648
0.45523875161860033, -0.03022138529266571, 9.252223421610831e-06, 0.004557458175907242, -0.4476536759300574
1.0191787946752016, -0.24547297034172696, 0.4871067727982753, 0.5777804945370234, -0.24720121145603474
3.215868333431999, 1.8795091425423969, 0.09869223779850485, 0.35399844731799035, 3.18140470450556
0.7325537188883757, -0.04997085846774917, 9.624150081168438e-06, 0.004799763808431062, -0.7210502413769738
3.334688065023036, -1.8524041833579081, 0.4642094609960586, 0.4379988953431038, -2.9220182443193563
2.0629282633443564, -1.2498860200225665, 0.24857659422206307, 0.4252224370653249, -1.955917613014346
3.1619242524092797, -1.1690509748527027, 0.06325630889040126, 0.14447779348322123, -3.111411493551969
3.4255952840021475, 1.2818497008461736, 0.7677755356613676, 0.3620711799649516, 2.02006838059364
1.6615147911802828, 0.6341132615902672, 1.3878932357102807, 0.3383086726204676, 1.0033972395716637
1.9921163369506698, -0.5838723108186098, 0.39993441960686, 0.5663059895518037, -0.9540562195264236
0.5924422801003926, 0.0036669441970687442, 0.7408099160750229, 0.16242024019229262, 0.019765232343996367
1.9158594812341427, -0.0276836988476191, 0.2802450884869325, 0.5788985008426389, -0.06207022103253625
0.27750310905204384, -0.018589515801178087, 2.800082145251338e-06, 0.0045204156613897544, -0.2764857453206087
1.6929905624586243, -0.10283994232686, 0.2123529828771764, 0.5691172803499129, -0.07874891003141235
0.7778402234825239, 0.01038157673994211, 0.006916938322109839, 0.0030773029360718508, 0.15407716783648706
1.8085554625886493, -1.0331495419902115, 0.5767025342181992, 0.5187199763453374, -1.565428284592309
2.6253885962940116, -1.3046243924306586, 0.9252180947244628, 0.459854186289093, -2.148279382448647
1.9399874486113209, -0.056176534724047274, 0.46546794723008106, 0.5600349824427738, -0.042474298425410784
0.995242195297923, -0.2872210716895874, 0.6967031177487779, 0.521173437447463, -0.5366941586488848
0.39323819800850507, -0.1692890138603951, 0.06774813962156306, 0.6671811790156426, -0.23359873834666545
0.9583661583437124, 0.055324066457373824, 0.005253935898313791, 0.0031046457213481727, 0.9497391885530088
1.5857254377552479, -0.35921569876991677, 1.6417809785784914, 0.48617868664967046, -0.9594258505941877
1.775357035795493, -0.8654739975013199, 0.4379064416428591, 0.5813582908012589, -1.34208604308007
0.417415581234782, -0.027269247988604667, 2.401040459879678e-05, 0.0047615138981874135, -0.3964636408464098
0.08693278151434596, 0.004360084580507748, 0.00039409024021805854, 0.004415754860881972, 0.06562360809798962
0.04264193193914679, 0.014652099733435998, 0.9143950880564621, 0.6210187127424891, 0.03759011212789253
0.7046602753571274, -0.04721764557576679, 1.3881575333935652e-05, 0.004640328754688451, -0.6930231084786649
3.5424827371048337, 1.735740341067582, 0.44063580275524505, 0.3816770037936125, 2.868331958187225
3.176214153411526, -1.6159694800246385, 0.5039616220971378, 0.41716974546455715, -2.6520750410614773
2.4689016171265687, -0.4285637877181873, 0.03529384300146345, 0.034575900160196495, -2.3530347380290864
2.9371001747930645, -0.8519273217458659, 0.046457471643645686, 0.08852537648444284, -2.8940756671787558
2.02286698100541, 0.3580354077226287, 0.7196269710750681, 0.47808507543142736, 0.4302685459867972
2.2884369097101502, -0.00344518855737349, 0.13456776236106266, 0.0701875572091127, -0.017483923958088666
3.524704982043508, 1.5912180214665648, 0.29979738974985826, 0.2671564133138685, 2.999081309095926
1.4734657150371342, 0.45277591156172703, 1.2105648979038268, 0.3147007190311538, 0.76769245460308
1.729511783796247, -0.7414525998020812, 0.5316942684200694, 0.598300895658868, -1.0361399344258515
1.6233242229900833, 0.17962603786346654, 0.8243614788905602, 0.4433196477056524, 0.45885376625045216
1.1970207897536804, 0.0960385142337948, 0.001416552808218466, 0.006678300770977799, 1.181097602038205
1.8117915514106102, -0.4170996627387414, 0.5051546838798813, 0.5878236014513069, -0.7372827821288123
1.7391205637890037, 0.9349704625153362, 0.22168718386452363, 0.31850177405565083, 1.688965201818701
2.820359317327251, -0.6203306984442297, 0.5166702745970564, 0.3676712807830134, -0.7329298847657201
0.7897846122136459, 0.008821158812897315, 0.008175520676886068, 0.003264621090100445, 0.12465942435237629
1.0407533732269727, -0.025668226744429846, 0.004815591687440814, 0.0037480857150141455, -0.41311584144804114
2.5262455708755063, -1.4456093162029586, 0.5393990257081862, 0.4011283908565957, -2.3691209000943014
1.6336702651716386, -0.15957264493881085, 0.6955130301961858, 0.5345837205083473, -0.19573636078856166
1.03858590244084, -0.043705821008899616, 1.030855763431883, 0.5659170111966474, -0.1803229798324747
0.7938514517476603, 0.4178398645991489, 0.7451834067059171, 0.5538045884158581, 0.655784025201834
0.5068177749516477, -0.3107496543747798, 1.3194759642823954, 0.4462576544043611, -0.41990375137901603
1.4932149790872182, 0.9362953230863483, 0.21710138032663095, 0.5518177713896469, 1.3502382579232242
0.9305033746581105, 0.09324536973242747, 0.22176991890952927, 0.5471075809017361, 0.06910714232031533
1.2460760892927083, -0.01807201687309088, 0.24119735530700204, 0.04512646081091118, -0.11672967241534028
3.2488319330575424, 0.8626244477715058, 0.6812956476862146, 0.16074935800095985, 1.7860556659222473
1.2549459020635867, -0.35115331188579724, 0.49040484686134456, 0.319815342049908, -0.618540436825488
2.8473248627418086, 0.4830783982013809, 0.8286787772437251, 0.08569975733871786, 1.2062600550951983
3.5198450538921167, 1.2926357931129246, 0.34969471873638697, 0.22800041889805286, 2.5681320241586314
3.0215372402721976, 0.6727810838256584, 0.4787621072257802, 0.19308548093383793, 1.3470967273249723
2.816739953490532, -0.04710656718911068, 0.6597800191246286, 0.40920786558289907, -0.14964866462303864
3.2458177184808377, 0.5724472241756859, 0.44651165011396216, 0.10622215220624731, 1.5121486466822045
2.3118916308618025, -0.11801975486718823, 0.38308285714904416, 0.49610662035367253, -0.21138968302488473
1.298037574124764, 0.5485351849405173, 0.6382901000416941, 0.50153372997767, 0.8304975636120967
0.4996884706166156, -0.033832113650791105, 3.2544876935620196e-06, 0.004623150695333345, -0.49757189894219417
0.23453044769995518, 0.015099588238746695, 2.1862419472064294e-05, 0.0045069254880149194, 0.22490707145796152
0.670930708159608, -0.034163797888770685, 5.169984098979991e-05, 0.00493594616454373, -0.48923240874022267
1.4041531325440146, 0.010045813255762428, 0.008175550464263711, 0.00364048056489053, 0.1859848387173793
2.6223148470059625, 0.033965976399710746, 0.6577267430302106, 0.5055246452124638, 0.046117785612817846
0.6610448410624783, 0.005421119457795277, 0.007959930256552884, 0.0035358814984263005, 0.07494068975044653
1.489247121984587, -0.03402498987626994, 0.24573332068555473, 0.5957863615305606, -0.030262437674369556
3.1566774861975984, -1.722056533588324, 0.7143995923155103, 0.4449563692854548, -2.752686476203181
3.376943897822546, 1.5968203876845481, 0.4187863336827472, 0.41373107557127653, 2.4258893299398285
1.5843903481281982, -0.6884903014002901, 0.6024104658795537, 0.5578772120193363, -1.1614553297362473
1.632995981756946, 0.16852072638211038, 0.30879276460083743, 0.4520806371957714, 0.1498030625243401
1.8890336936922367, -0.15238662449541088, 0.0013116457265176763, 0.006642799000735238, -1.8715885233394431
3.347686311552544, -2.034104523985061, 0.12107451879026175, 0.4065775691697986, -3.2269325970068636
1.2158991113739033, 0.4156831865035482, 0.5200758393676355, 0.5170805069385336, 0.5559209511375144
2.3360940774593533, 0.21234326286408195, 0.17723701148388205, 0.031728773148796054, 0.9438782088415971
1.5646683243950188, -0.4115184001846277, 0.8624495254921455, 0.4668613521468145, -0.5114728672821438
3.1894276549405736, -1.2042638910130052, 0.4609690352043399, 0.26069414460441154, -2.193948876120046
1.1180014545408903, 0.027292237447994264, 1.6691218153427798, 0.28541976628970434, 0.22887615468353836
2.4261882952516958, 0.06379451140241926, 0.592555530521994, 0.4067995409888573, 0.07480802490618955
3.3465568241560493, 1.3914049103681032, 0.907226603855911, 0.3411947877279308, 2.4351068752877834
1.56638912472298, 0.08044166068837014, 0.9271402098727353, 0.1290724735067246, 0.4318468894822911
2.690902891567682, -0.3047951346623531, 1.0321213548533632, 0.43164837636081016, -0.41202996535934777
3.486020250501021, -1.3339753173954134, 0.12422780017156959, 0.15735920481632615, -3.437735393092715
0.25483083226376335, -0.05058070549521949, 0.669827449119012, 0.5952046625483152, -0.06642226402218462
1.7926864311536885, -0.004569257035559372, 0.20486111790255762, 0.6149131009622127, -0.003932558148221528
2.956671109454997, 0.4989864640508592, 0.7964095225232137, 0.37138555051555755, 1.0073307157904976
2.277300325862324, 0.6856949751953902, 0.8271967442973414, 0.3458086272077863, 1.0207210032518745
0.30451056966204165, 0.0038599834930129885, 0.006953484587125563, 0.003017985639700831, 0.059399511290345736
1.137593052859132, -0.18176988677012326, 0.3042930838715682, 0.5957803777682164, -0.33112292739665944
0.7012762070755467, 0.01090202587152392, 0.011055227817170084, 0.003825887741968915, 0.133191340748294
0.9200744232633533, -0.28803512117071334, 0.44498191020954386, 0.6173279428309629, -0.4310905790880977
0.5371217084688247, 0.2865541571286657, 0.5391931980014735, 0.6295423956377655, 0.42698740619923997
3.38347445713992, 1.6569091636560944, 0.39069733192277745, 0.2993295073465404, 3.049780670532057
2.1828323832720318, 0.0184320279530702, 0.32477592169349423, 0.071017918886435, 0.1504597901944778
0.5808337305253579, 0.365326281190093, 0.3016238953844652, 0.5822626161262915, 0.5167658114534766
2.7938413781780995, 0.9675381496708014, 0.9749193977554392, 0.30679866271089595, 1.6197442097217765
1.8679531130552478, 0.5774011485935684, 1.614023413131195, 0.4161069392019437, 1.205254531675593
0.43968974333441757, 0.005866872327707377, 0.12181508090444806, 0.21156343043372025, 0.016949063445811877
0.5614392690060392, -0.03690858419796466, 4.5711878407222384e-05, 0.004723097071805951, -0.5371063376713261
2.6783411738882363, 1.3720145562465123, 0.8056262020083673, 0.4020183320203932, 2.321569751665412
2.1796522921270967, 0.6812896696698778, 0.41606294086871254, 0.5140367180944935, 1.0963888950897611
