0.09374163668406515, 0.002225206805491354, 0.9071049779900622, 0.2507687551078882, 0.0043455710524699116
0.07996270210259698, 0.011539387081726193, 1.0819484183789647, 0.3558838345378474, 0.01863148311829653
0.07830344400561742, -0.002706063962947934, 0.577554570215516, 0.26637374551432197, -0.0020435874188845125
0.09042020530032994, -0.00022575234796357854, 0.6796964836639292, 0.35342002280226614, -6.653577525014733e-05
0.07429081415546919, -0.00147143312846473, 0.8680140425796589, 0.37586987802338995, -0.0033875441892625797
0.05103018009909526, -0.0033098166146063195, 1.1795548671879297, 0.28982090591929077, -0.004340882589977801
0.1574266350310581, -0.037970117585271565, 0.6264276620372977, 0.2431973972046362, -0.07603188904208466
0.10741128431588795, 0.0003202967157659534, 0.6622804532182763, 0.21662557246856579, 0.009245856475983045
0.047502619477166094, -0.001463201391502666, 0.9044687201466074, 0.3335927033320405, -0.0021741949527198257
0.04982271241641539, -0.004314220893966261, 0.6067750904729668, 0.2431369618659044, -0.00738154905510865
0.05219910694141075, 0.0023345595534663556, 1.0347219104375176, 0.28858568225562886, 0.006584054182335847
0.08720219060923765, -0.0014980591550492813, 0.6408427294940415, 0.24176025045357177, -0.0013155261156504695
0.0796916115915187, -0.0019574043985116922, 0.48002906797392214, 0.24714541209965513, -0.002014555379977982
0.11850147533473523, 0.004894889967256797, 0.9591890079037413, 0.32768314540673665, 0.0029827978643884824
0.08427553019626002, -0.011107834662165514, 0.7896463200608167, 0.3180120181289518, -0.013139036011035799
0.10426044821818285, 0.01893726734939378, 0.7350540534510821, 0.4985940829818856, 0.03471218871487139
0.14098435528774259, -0.0032301897350580904, 0.8097338373014407, 0.3207932361053675, 0.0021945963237501244
0.08084639551391781, -0.0066347111835919894, 0.7450089109974747, 0.28691178065225353, -0.013046128823007047
0.0673071446305525, -0.009543983201695581, 0.644950177482047, 0.3564705453051875, -0.015569632976941918
0.15384943736767898, -0.009228812232317142, 0.8292198445591361, 0.3683619245652415, -0.01032965404470886
0.06644634788644564, -0.0014455176538853117, 0.5388843182229484, 0.3424708931987896, -0.0018937055150107756
0.052290858681671014, -0.006220184380800654, 0.5730910877487445, 0.31723121580751185, -0.009370966673393565
0.056635611948055394, 0.00313143595047569, 0.6730930354354773, 0.3281554696331729, 0.004374842175099165
0.08318529354246747, 0.0004484758211896196, 0.5939228202393626, 0.3330534512534329, 0.0021451752999357755
0.07849937021018151, 0.0037438107198003033, 0.617220919626809, 0.3675230227521448, 0.003949794337131515
0.13381621172179767, -0.04432362584928523, 0.5768888640067229, 0.4045120462940586, -0.07159092768607188
0.07166106260791148, 0.00631633977076096, 0.9894740774796063, 0.3504556529836915, 0.01089023403077518
0.07910349412227306, 0.005686432900656704, 1.0140504565538482, 0.28695994729337976, 0.01424325123923515
0.06121983510555554, 0.0031133641613024037, 0.8469020881028354, 0.30579553989356467, 0.004987895925398818
0.07126663252947946, 0.0005925395927497486, 0.7484074238775916, 0.2986481609102319, 0.005367241705716418
0.017582058452653284, -0.0025295192251491437, 0.6003813968954125, 0.27761658783618987, -0.005016482761068229
0.14973892797536925, -0.005888437515698339, 0.9524884480272644, 0.3423066235210581, -0.026329838149146637
0.0810638704019473, -0.0009610643748772403, 0.8002744812056948, 0.24894066495246592, 0.0030811040385147325
0.11130930840535688, 0.004961300185813477, 0.8693306632283901, 0.3727944315355847, 0.0041015896027058185
0.05476167471025943, -0.0048224807443573055, 0.691303077056711, 0.3341864037342519, -0.006480416239802658
0.05761296344928216, 0.0006324604339937913, 0.6743446432335014, 0.2651282918334885, 0.0011914896216428219
0.03207781184809257, 0.008284191079573434, 0.8620808033839558, 0.2596391233908857, 0.014966203033868829
0.07615130554707558, -0.004654176278411519, 1.0068109455240934, 0.3239466498020217, -0.006077095590758593
0.05219910694141075, 0.0023345595534663556, 1.0347219104375176, 0.28858568225562886, 0.006584054182335847
0.06383149529408545, 0.02045291426615134, 1.0808861691495746, 0.3501630101712847, 0.030693178777912472
0.11117904157234997, -0.008196738944104009, 0.41774188338723944, 0.37357444817391283, -0.015024125735545202
0.09104086012168905, 0.0017512283545659424, 0.615309819890805, 0.2859822342116712, 0.008821106308519556
0.06995234495929001, -0.007652855817189643, 0.6232127271349794, 0.28798258241172836, -0.012027918015314165
0.06323442204072008, 0.017727009305467355, 0.7964660041995275, 0.26349251616651864, 0.03125785736981419
0.09630020618667373, 0.03494058668588224, 0.8451655021984453, 0.33572936689036853, 0.04966333226768266
0.07983431989551053, -0.0014902598909089394, 0.6199328801721368, 0.26510814740747624, -0.0015720547182338338
0.1457268255671141, -0.050502365712253645, 0.7242071235751593, 0.23860847211965613, -0.1020925208664934
0.047011781236734544, 0.0036841663127976797, 0.7229284875070597, 0.2875708857271632, 0.0050765265748510344
0.09060621959214643, 0.005080932324948929, 1.0452796780199434, 0.34818314478968043, 0.01601867633356323
0.06067976796046544, 0.006132525988308695, 0.7805081486807853, 0.2675761257533577, 0.008965208225488701
0.02479835797157122, 0.0021608358040818114, 0.9111055579261476, 0.2907548935068782, 0.0032787900915969047
0.04177177862356039, 0.0016099997092529972, 0.9433692481491616, 0.35223709966259287, 0.0034120165269368604
0.06398726071164351, 0.016458738736193298, 0.7552503160790661, 0.24521064594325132, 0.027699092464094317
0.055552239221624104, 0.003347217104357566, 0.6904572781061689, 0.354481163901963, 0.003942741283211709
0.12917521406743077, 0.015213957796093277, 0.8097442192516879, 0.39619685307556984, 0.02801124023684615
0.06804431306773549, 0.009229398097864194, 0.4433080695195726, 0.33753480104371225, 0.01761498724883645
0.05578294310143707, -0.00017870671178303962, 0.7034985138717269, 0.2428999119750764, 0.0017737928612095552
0.045546292498152736, 0.0039044276581055824, 0.6329217260882058, 0.3415918801955703, 0.006152927949075477
0.1010288165531766, 0.029121560659596785, 0.6796841606993315, 0.29721030338813637, 0.04802174332152606
0.11724426243029519, -0.016394657550524345, 0.9949440058492847, 0.417126088007439, -0.020198132865000752
0.13653453060336088, -0.011079909179205608, 0.9020302446139529, 0.3592279056829317, -0.028932366519016556
0.12108635081193794, -0.025153287496681786, 0.6634431305075165, 0.3803297556235726, -0.05438994145696037
0.08934210033674474, 0.01019559116485182, 0.6104268750696358, 0.3684300397732663, 0.021316840289742425
0.1082923036324098, -0.014742863635404179, 0.691034025178437, 0.33308870165271687, -0.017034928408908287
0.060838045657420896, 0.009270887434873814, 0.8944733240341948, 0.30336176077140403, 0.016495321105881547
0.08704583668121024, 0.029471475682231487, 0.8015165405176171, 0.369798085649661, 0.0420329168207876
0.06779476973448106, 0.013648832341115927, 0.5045523060100494, 0.32867054226559167, 0.018260231353420562
0.09055250285784874, -0.013461525051821249, 0.7153161798825832, 0.3519329100691867, -0.020181319499345228
0.130584598747557, -0.03242373826905537, 0.8428260312039251, 0.41256344412364304, -0.05175416328267924
0.0685165691466242, 0.007933434701391214, 1.2955643150402982, 0.3105806118715921, 0.01321715458552552
0.15366189461091914, -0.020625295290411745, 1.0028972341904656, 0.3203613963786611, -0.021606771168754445
0.13131468109559247, -0.028340097048972925, 0.6037106470338679, 0.24963338327088894, -0.041302461921292236
0.02785195325464842, -0.0016017979116577008, 0.7823970741158115, 0.3357518526633029, -0.003756476924752824
0.061739540116319415, -0.0027235537474343064, 0.5316873332673925, 0.2792048883519124, -0.004004594810189392
0.06994757605739764, -0.02511190110768137, 1.092611827980926, 0.364326151246338, -0.047492029880926004
0.11049058639895838, -0.008220544873127907, 1.261664069522493, 0.4184922275157964, -0.007823237476879437
0.14943854730662362, -0.04569588034394094, 0.5931599909799868, 0.4083904254991213, -0.07163013393943038
0.13900273269781532, -0.05080968115061238, 0.7549739133536542, 0.39178794697198804, -0.07227707072119662
0.0920082325369544, 0.017732430789176377, 0.8604721997735817, 0.3314345473811766, 0.026010425127411026
0.05043848001220916, 0.0008875438544946279, 0.5009471934565666, 0.3117559801676138, 0.0019495584428979988
0.15366189461091914, -0.020625295290411745, 1.0028972341904656, 0.3203613963786611, -0.021606771168754445
0.08473510279147979, -0.01941662860444771, 0.8778103657686677, 0.379068688139882, -0.017105340020660907
0.14830396276647786, -0.044021914476245684, 0.9253177589396437, 0.3897970726502755, -0.07099668032501102
0.0685165691466242, 0.007933434701391214, 1.2955643150402982, 0.3105806118715921, 0.01321715458552552
0.10638309481400392, -0.03455019822391805, 0.7550485737653753, 0.36995976605270464, -0.05918756046264399
0.09178509779712245, 0.006929459477839489, 0.9575896831471491, 0.3361316960208315, 0.0062270907677562295
0.07385288847889779, -0.00666825743076283, 0.536789695349071, 0.15533033044759667, -0.009056794165581384
0.13935444642343048, -0.02163628663465827, 0.36896031290862846, 0.22130760287209378, -0.04305588626191071
0.14470260137878949, -0.058007294352291947, 0.6581041549094049, 0.47203712145746374, -0.08739769457584261
0.1166338995026885, -0.02086237292009686, 0.7424799439450911, 0.2487788535264142, -0.03784110271779961
0.0628222489792085, 0.003012032279524562, 0.7929554514145185, 0.373785098330497, -0.00043343256256460203
0.06779476973448106, 0.013648832341115927, 0.5045523060100494, 0.32867054226559167, 0.018260231353420562
0.08754117241864892, 0.009526444031655607, 0.5921038614268288, 0.35765775529198096, 0.01406433537705997
0.13404851890203281, 0.004778009094861691, 0.9456350138192966, 0.4383746110730594, 0.023675831900227068
0.1334159841023426, -0.012042786445278555, 0.5165636947692175, 0.36599888063761254, -0.019181508268805506
0.16279460791358294, -0.046701439149005, 0.5327025879259429, 0.3312470032097138, -0.07317226524249451
0.10950698706049689, -0.007548621555154443, 0.9313049728947455, 0.41529345945498397, -0.0054011772635854105
0.11387845573139758, 0.0015119650154345736, 0.774608930310197, 0.19418917124393173, -0.011024300729301077
0.09441339933413538, -0.0026038242045819545, 0.7165724463421909, 0.3638432850304752, -0.0009009674955973975
0.13435261976535728, 0.004648767347504946, 0.6992803298532767, 0.32959588101126924, 0.020283582448349668
0.11627577141314019, -0.026169873051116874, 0.7984280123910352, 0.43180497840893267, -0.04001751749328714
0.08677323815993847, -0.004649180126559032, 0.8151841537353803, 0.4919851897256374, 0.0025429482650460335
0.13404851890203281, 0.004778009094861691, 0.9456350138192966, 0.4383746110730594, 0.023675831900227068
0.14043700827945846, -0.024038156359650432, 1.0489876525637218, 0.3989775504246832, -0.02869382097370727
0.15210837745720882, -0.021482446144890203, 0.7816427438896543, 0.34488227122614235, -0.03208493582856548
0.16421899960546413, -0.0484078868798059, 0.7208185531820235, 0.20794280719042352, -0.10694207817987353
0.0744731557806317, -0.01854872858877802, 1.0641918281071647, 0.35877401934734104, -0.020713831237797232
0.13681134282272817, -0.036019362049774184, 0.8424416661323914, 0.2814904659327151, -0.07023947846508134
0.1590185845072643, 0.012240358469534751, 0.5250543550649956, 0.23378680984835204, 0.012325950071364784
0.10405649512229187, -0.006912544699125997, 1.1561019021166092, 0.3610660972838868, -0.010821548484166941
0.12348842850607455, 0.0067328795512241225, 0.6283894507059054, 0.4169757232670653, 0.017804469402875292
0.05656812687779202, -0.008342518839360208, 0.9525720558414315, 0.39085455800539465, -0.011178532044398146
0.06515451909444471, 0.004977672772668106, 0.9020691737937335, 0.33552814734351083, 0.0047771832434892764
0.08749375114618299, -0.008302633989786557, 1.097341399076834, 0.28072505877253634, -0.012649340457001581
0.13114834622846147, -0.02570586184196112, 1.3059492428563055, 0.3608696340615781, -0.048141757425957714
0.1436967688942029, -0.0090716886330325, 0.3337084258773801, 0.13213002248519756, -0.02152353950817425
0.12264433400341407, 0.023373607431545956, 0.6190112235345516, 0.4323675344218032, 0.03364475590592116
0.07352414720098746, 0.006106247960947816, 0.7978909591896175, 0.27472440469685333, 0.014092517874454338
0.14604156699438997, -0.031033369552018103, 0.9503199437027845, 0.3235833885292345, -0.03563583597694357
0.12567622504327955, -0.007310529903920063, 1.1409029509460344, 0.36715991166992984, -0.010469548875470176
0.11239273118229066, -0.0004699102998367579, 1.0638147872425254, 0.32812675698740706, 0.004616002433246083
0.11862580912772008, -0.017276272128886175, 0.9806577970020194, 0.35134094327472193, -0.032645619328650115
0.12526869899177961, -0.026985270144775298, 0.7182611902730862, 0.4084252670774038, -0.041242078780433795
0.10971517007932624, -0.011196183902874926, 0.7577552269154149, 0.33396765212291996, -0.01793393731733614
0.13738949307979842, 0.0007105050637305537, 0.6320812578172712, 0.202521338707657, 0.005316420205937831
0.08834132780287146, 0.0030384011362057594, 0.9445037148880061, 0.40246423817358384, 0.004226630090235739
0.11078658510330607, 0.007299985797252408, 1.0377302362251135, 0.3876960649061132, 0.002980630429633777
0.1491979834894233, -0.03841453437541396, 0.8622369965211375, 0.31045172283790534, -0.06166986823611254
0.12968002698366438, -0.004703660172582844, 0.7552341196658173, 0.1936751685865138, -0.02481709807394339
0.14013710715468658, 0.0014815136524758347, 0.42293719859700857, 0.18422220565783803, 0.0016868227799108355
0.1297202662086786, 0.0010080623439147546, 0.7461055620659468, 0.42633698473418424, 0.004605231611674233
0.15027798406172282, -0.03372709940382814, 0.4913133336237936, 0.35389708220674687, -0.04316146205514169
0.1783897097467609, -0.013059512979452974, 1.1651152665698794, 0.3503994739840628, -0.017087021045887444
0.08072228503131827, 0.0008004601729364204, 0.7524723352005135, 0.2268166086217615, 0.00294737653986219
0.08733862757586051, -0.006938490920416873, 0.5909538994546438, 0.44763661536758376, -0.02114889250875991
0.11297225269464051, -0.03536839341383649, 0.6520605902922779, 0.27875372023714934, -0.06171737162196202
0.15448039894908772, -0.020268582507508612, 0.653521361545514, 0.2596716013108795, -0.015790571595804426
0.1357555932663331, 0.0016680875091580367, 0.5868087480448037, 0.12811316257500194, -0.0023354739860857727
0.14317877325614356, -0.04198811172490458, 0.9936566333507163, 0.3266407344897299, -0.05862989151516592
0.11703401546251006, -0.008113070077663327, 0.7238736839329739, 0.36681854890274, -0.010891037394797971
0.1817276574695387, -0.035670674578314195, 0.9476674186920968, 0.3148809665709787, -0.057507362810610925
0.09468089749493366, 0.004850224220089541, 1.0173841602137237, 0.33061186851620034, 0.01097458129151994
0.08622165344545801, -0.01214346662034805, 0.6931059441397112, 0.2668698265004035, -0.018302202308994587
0.16911781729377265, -0.04118455389903418, 0.6869075683483252, 0.22860204563407482, -0.06449401379741172
0.10455486464635419, -0.0006319719686573067, 0.8521232349866252, 0.3176151945616492, 0.004231650471808512
0.11442408903467195, -0.03968028726515669, 0.7710349874128274, 0.4405731981927408, -0.05388986960713108
0.11991564086577287, -0.007158457256805635, 0.8274880375402007, 0.24242597773140825, -0.009942445324842134
0.08733862757586051, -0.006938490920416873, 0.5909538994546438, 0.44763661536758376, -0.02114889250875991
0.13360816801961434, -0.02005040333890452, 1.1800512078121113, 0.31199983188036634, -0.031027363383428506
0.12228638574590373, -0.011114825562991947, 0.6663075139044046, 0.2792833355268504, -0.01760184617963287
0.15430390625747106, -0.02920968369377316, 0.774425460942924, 0.28812534872684226, -0.03862983133664011
0.11555747024007511, -0.03454975183855477, 0.5676059105481887, 0.35921102564936114, -0.059822120095447656
0.14278717671496097, -0.01884016636793198, 0.5002411910026211, 0.3027283297483023, -0.02561371040025731
0.13857061468709092, 0.005148521103755267, 0.34841886202440925, 0.16317197707140474, 0.010458023931822444
0.1845834534377103, -0.033564534349416246, 0.6633111500298962, 0.29664771923351796, -0.06075317165683728
0.1660600665153965, -0.007854140033652837, 0.7386327532213322, 0.24888508932401127, -0.005284210974780347
0.18505023378519517, -0.020899880703762, 0.9705914906846013, 0.2686226988036628, -0.02236800973473312
0.1388952423097879, -0.004784629731181761, 0.5419203869819469, 0.23042386454503191, -0.015080703441417877
0.10691548522912649, 0.01586935893452748, 0.9068372973348542, 0.2906266725873523, 0.0195086616816766
0.1486751100244139, -0.022593426659356253, 0.7277273885649543, 0.33140071793223336, -0.04306325016609937
0.15085335567933658, -0.0046007405334417655, 0.9148922678416969, 0.37320113180915465, 0.0037310109914877715
0.1455226025311679, -0.026551023375089397, 0.8618404696776788, 0.4508783413885222, -0.03130041469957952
0.07699923396840058, -0.013952212958752017, 0.397541037308565, 0.49664433464430147, -0.024041383304644087
0.11184438079222989, 0.008510153514160668, 1.0258176811241981, 0.3397725609908835, 0.01965808440220627
0.1694703683984412, -0.04533974599771873, 0.4628653112274227, 0.2962977985677187, -0.06577564259785568
0.13517074905598953, 0.0019399991568462985, 1.1781600755631227, 0.2774830844532213, 0.00630625718274324
0.08733862757586051, -0.006938490920416873, 0.5909538994546438, 0.44763661536758376, -0.02114889250875991
0.1525140339416271, -0.040208219080854854, 0.7696815424934949, 0.40261118030987697, -0.06742918758809646
0.17354622743812972, 0.01674882933149172, 0.49006561305468266, 0.38251358567683874, 0.03761079600751072
0.14541830892491034, -0.010384430508870588, 0.2677615627174456, 0.1949196552264406, -0.018328219708029177
0.09583717559292709, -0.001222234460932001, 0.8212238165946407, 0.3460145423880946, -0.006751404719193594
0.18090297501143698, -0.025818219654486586, 0.6328101532657417, 0.27525045101073903, -0.04558535640204064
0.08684941740702631, 0.005612689051953451, 0.5769691712635022, 0.26559667473482557, 0.0151562421660816
0.15142117831399746, -0.013157952703821234, 0.977114140864082, 0.2741466888598372, -0.024749934795661524
0.10995769203718173, -0.012691739282466813, 0.7229692513688758, 0.3314232439695795, -0.019113846568708563
0.12271081585443229, -0.018117326429935073, 0.8708244475526865, 0.37586827760915037, -0.030737754959953848
0.14500401208106906, -0.03255107053097447, 0.6827612858647939, 0.40359744213864196, -0.04288476786905442
0.13888397171264505, 0.0028209015061880765, 0.40442403652956593, 0.2072618292616579, 0.0066883752412455165
0.13444593461185053, 0.00026389353340195267, 0.8052585180638496, 0.3748768603916392, 0.011119391586248986
0.16796870268301822, 0.002421622022066786, 0.7305296114381992, 0.3309174152979268, 0.008822788003972109
0.1263455092523835, 0.006200055557028314, 0.6830934533393445, 0.28417911523499406, 0.014740655184589026
0.17289425702613972, 0.0051691551482450325, 0.5302365059149501, 0.17292635702182338, -0.005008873915258585
0.12230314661760837, 0.004091803821828457, 0.7196746903592143, 0.21745370814210002, 0.006697172638714153
0.14180499211777906, -0.03179639330754562, 0.5939407826384532, 0.2610973128664048, -0.04632440705702421
0.1974965616280128, -0.036615755577302685, 1.1614310619205535, 0.39858736049559335, -0.061323322342425775
0.16641999044674624, -0.07582292732388089, 0.5967531752327525, 0.39975349909515634, -0.1183677872571101
0.13778763666234173, -0.0002950901664056256, 0.5787811548318795, 0.18522015264955488, 0.010108102426901333
0.07474717408310132, -0.018311240675652797, 0.5341933042782699, 0.24934017053330554, -0.031233767717252153
0.14769418515709876, -0.030483203894497487, 1.0646403626938075, 0.3798085473859553, -0.05886944074170773
0.15650223981067007, -0.006901362740590944, 0.8334500132226796, 0.2397781035640905, 0.0015096257249954197
0.18607977437140855, -0.009608071671534745, 0.6818216814642934, 0.2598445543594527, -0.011751262946455943
0.16632223461085324, -0.013728450253965508, 0.7286489368225427, 0.2925138122331361, -0.015583369304279851
0.1753770793525754, 0.04558652573424303, 0.8803862073263993, 0.357913685988552, 0.051117405068214695
0.12062565922577187, -0.004446666491608524, 0.6901060342617821, 0.3175063157123471, -0.011629415242126224
0.11588878856783254, -0.01753448969681894, 0.7052215021930812, 0.21498110149311914, -0.03760907091174669
0.062177405657067954, -0.004882242354770428, 0.48926923853116056, 0.3396269222329864, -0.010611802835525742
0.16292356196136232, -0.032579273726194964, 1.0055776008641912, 0.21699699322907573, -0.05111383896467319
0.17023791518829554, -0.03343329386745422, 0.5699240223627381, 0.21392897659756763, -0.0686401285465794
0.15397307187212264, -0.027942289946975847, 0.7560276751293012, 0.26447115905443475, -0.03816320729255115
0.18098581850463202, -0.013471695491733503, 0.7214719654990983, 0.2686216331210953, -0.022789422784059793
0.16794173636937976, -0.00880624327622796, 0.3564695173663418, 0.1797777510562769, -0.01453162048633706
0.07900366958436784, -0.01755285026583919, 0.7194149798315356, 0.26917283005655096, -0.032868656996226424
0.15250421837602343, -0.012034135539417613, 0.2710741430488886, 0.23915861711458594, -0.025513514396053358
0.15320073473023493, 0.0002417817950206187, 0.41953586407682664, 0.1976735160816297, 0.008458420030426978
0.16863250754348746, -0.04730296292831539, 0.9025093780873115, 0.28671022587116146, -0.0805784843135747
0.15197493544588656, -0.017758237886848743, 0.31489350890733275, 0.24832669027239757, -0.03501029954193579
0.19587769492928192, -0.051691794174341686, 0.6969409136367609, 0.2558480853694968, -0.08258542291320016
0.11382356564249298, -0.012834829566260508, 0.7282759129273955, 0.3136768795797494, -0.028426227062975675
0.1324269621152276, -0.011293559881927897, 0.6594574534489019, 0.39809351036726526, -0.020098294529519212
0.17587218144087868, -0.020509165874853137, 0.8662781381147779, 0.26526250392790673, -0.01762984584922717
0.09698211616935996, -0.0067217832045739275, 1.0927710111322042, 0.33792663952798835, -0.010916720585092837
0.16641999044674624, -0.07582292732388089, 0.5967531752327525, 0.39975349909515634, -0.1183677872571101
0.14020094017845014, -0.027209383177122213, 1.3699515661398374, 0.4182816455100269, -0.033705564368300106
0.1335627221741089, -0.00786129903163401, 0.3691573452877058, 0.2652934500647939, -0.008766608740955433
0.16641999044674624, -0.07582292732388089, 0.5967531752327525, 0.39975349909515634, -0.1183677872571101
0.14986552810472686, -0.01126505135489138, 0.3296761949300315, 0.2712446002421697, -0.01125785902188658
0.18080260413727853, -0.054141402029475386, 0.37390595117434855, 0.31255049026029147, -0.08539886470503387
0.17809748999095215, -0.0520465459575878, 0.6358253256384707, 0.36901960342823953, -0.0703251710711604
0.12911762161546847, -0.014957709266751069, 0.5646136484412312, 0.23913790690962308, -0.022828468982213163
0.11245356334166795, -0.01334528105236741, 0.6205393679668003, 0.18836996625807806, -0.02331386291084045
0.16312595386804232, -0.024141080678911825, 1.0370485194357153, 0.27273521447440696, -0.034204191822319985
0.12866569942535708, -0.0001779347394181186, 0.505022923526288, 0.26500369449578626, 0.0018466761864202436
0.10991035131888088, -0.00784907020657572, 0.4390563483440473, 0.2316903051630683, -0.01607856365695205
0.14949808496408137, 0.006796889124680908, 0.3395971126210665, 0.29293279672321154, 0.021154360935540743
0.14020094017845014, -0.027209383177122213, 1.3699515661398374, 0.4182816455100269, -0.033705564368300106
0.14887579645914875, 0.0013538393646645185, 0.6737616360008494, 0.19691003637220336, 0.007484532734342535
0.1107447863322103, -0.004908746971955948, 0.506128228820972, 0.2559244398997295, -0.00794962703515754
0.1530659346019096, -0.010134239169550996, 0.6504846516618104, 0.3373524508578051, -0.011831910053717722
0.19467876276349155, -0.06655170643064057, 0.9250975064252296, 0.3282440370420378, -0.11231313863827401
0.17707381090008753, -0.027906372372699925, 0.8298550211746201, 0.27878845414763714, -0.037978723000357505
0.16641999044674624, -0.07582292732388089, 0.5967531752327525, 0.39975349909515634, -0.1183677872571101
0.16982612218863447, -0.04615770352894624, 0.6236082934257395, 0.22159836093920998, -0.09048269788511427
0.15837315944660033, -0.03966279861364184, 0.6058313750895122, 0.29510668142515223, -0.061610735511522206
0.0712855237487501, -0.0009459496398474095, 0.8745582779382667, 0.2840681058495315, -0.003036849547230468
0.17846497480102472, -0.04093261218510043, 0.6779846706856262, 0.39346965682662544, -0.059038956477562
0.15935562426841354, -0.028492160364496692, 0.9143022792167188, 0.3226120573009257, -0.05103861607834379
0.14182783589942216, 0.018981552209447045, 0.49301679171973967, 0.23236120462508533, 0.046082250777751896
0.17596368871680337, -0.040652311967237606, 1.2149233487704414, 0.34318061858133, -0.046559681660805145
0.07794761508219594, 0.005844520664488356, 0.593980228555905, 0.2581245288950832, 0.010101760930416228
0.15198040564959253, -0.05487770626922257, 0.8645978616389794, 0.38539620497560434, -0.09499607906814488
0.1506345530848456, -0.015412473629363122, 0.4716054225226896, 0.3030738133650424, -0.023902198817830324
0.14306498662482728, -0.04859174705531122, 0.8049973364458154, 0.40740761352824373, -0.07041276218142131
0.17596368871680337, -0.040652311967237606, 1.2149233487704414, 0.34318061858133, -0.046559681660805145
0.05291989611410855, -0.004959922285883786, 0.5879560931608211, 0.33062682168051927, -0.0056167328652596115
0.17807806263526701, 0.008445964807790364, 0.8859840573149246, 0.36508014485573365, 0.017583331949691087
0.14020094017845014, -0.027209383177122213, 1.3699515661398374, 0.4182816455100269, -0.033705564368300106
0.14306498662482728, -0.04859174705531122, 0.8049973364458154, 0.40740761352824373, -0.07041276218142131
0.12320769440107568, -0.000858401243963127, 0.5605468443160757, 0.2226962621948118, -0.00891195304850213
0.13434423950538865, 0.013171862660735256, 0.43395068930330993, 0.1343252297070569, 0.032804506471160094
0.17596368871680337, -0.040652311967237606, 1.2149233487704414, 0.34318061858133, -0.046559681660805145
0.12110560803276163, -0.005155952593828872, 0.5213971806190905, 0.34674723093185816, 0.00147519967946032
0.13623038987393887, -0.048876849980026955, 0.7672159639034822, 0.41263502011150666, -0.08507984705148326
0.15491882671458887, -0.02179747562108433, 0.6510906457109662, 0.4132378288414252, -0.029180167595908885
0.13689503621151466, -0.03460574887977181, 0.864440719663112, 0.322598179286244, -0.05226328970859285
0.17561373873195876, -0.04308838943330733, 1.0369847304153386, 0.33034001840233557, -0.06412427863094057
0.13264538894096087, 0.00859598276993735, 0.7215235764016856, 0.38423320718862164, 0.013058433360396577
0.15198040564959253, -0.05487770626922257, 0.8645978616389794, 0.38539620497560434, -0.09499607906814488
0.12849533435429117, 0.004868119380960609, 1.2697775710697503, 0.40574182089095884, -0.011387311737327259
0.1584569621114375, -0.040830645911914015, 0.6667268188985264, 0.38277555633441307, -0.055968518662616526
0.1204477301671625, -0.016975199324636873, 0.8517386623992256, 0.4636982190611921, -0.020796701002314278
0.1534955694097921, -0.0622098157411157, 0.5788528379438761, 0.3842241426134115, -0.11077649459045424
0.0959995709458152, 0.00026953303622847744, 0.9345277540177355, 0.2716936971003433, 0.0047649576203137286
0.17037852637552933, 0.04657467622878662, 1.0087474293459562, 0.3691894143698169, 0.07529284134681942
0.11579473878203675, 0.007086048646786022, 0.9395198215257595, 0.3234620093063617, -0.0031063107836781945
0.12378084059448115, -0.03642303057031723, 0.6321930966170193, 0.33303861457879286, -0.06247257895860578
0.16533923152094887, -0.030685493060062005, 0.9641881686526765, 0.35697032032390197, -0.05072922930262828
0.16340427327600998, 0.0018333134421391417, 0.4027353772511247, 0.21932612862970147, 0.012344835754824703
0.14137357654686444, 0.03416740517205017, 0.7880041641734931, 0.2971176006079891, 0.06215241820831497
0.12937025870622276, -0.016305588799764275, 0.7776786790975437, 0.16094114179768323, -0.02574138541213925
0.17032010943434372, -0.01151371972382593, 0.31941235779385946, 0.19815103729190756, -0.018797850456178357
0.13651203172395435, 0.0004276703113863576, 1.0974697177997363, 0.3965946611688014, -0.0003671172915507782
0.14993596326773606, 0.012327558119202988, 0.6360674987552664, 0.2312558924829292, 0.02940543461569899
0.14103381962372516, -0.03678845558574398, 1.0077285537336385, 0.38706995527029237, -0.04986160751904571
0.1779936148933191, -0.010096516716591779, 0.6307360127104868, 0.2754551212838658, -0.010840936749271373
0.13478657902815447, -0.04731699416034271, 0.8414886234918714, 0.4020815384478517, -0.0817761444126935
0.13864520262532543, 0.034791641755368856, 0.8643543629306737, 0.32971139806160626, 0.06576367744929035
0.12172658165820699, -0.018312340078535275, 0.4562586739500967, 0.3803160884920559, -0.02577977568124759
0.13266719979027577, -0.02113369959391173, 1.0846935742659891, 0.3782184499967429, -0.032239571523856314
0.12989030118770292, -0.002435667267604051, 0.840426143784624, 0.3354730323691583, -0.014054780237274531
0.1765043211807056, 0.004987479164960865, 0.7186168301678377, 0.32671869291714706, 0.00906102232860848
0.05270406110311894, 0.000609052366855707, 0.8339997206029642, 0.26093906539090034, 0.007077760494687758
0.12172658165820699, -0.018312340078535275, 0.4562586739500967, 0.3803160884920559, -0.02577977568124759
0.16162051788326537, -0.010510967460162217, 0.5283570805978597, 0.23796063087780098, -0.004221791893628251
0.17201739085458026, -0.040699509254331495, 0.9102465274181373, 0.27985862437046655, -0.05902372759135808
0.13556130884852086, -0.01858180207215065, 0.49062825553245126, 0.2381482411726122, -0.03298771509421027
0.14830309074962775, 0.018666790051040678, 0.6086685031218662, 0.22936617515330304, 0.020180042990200642
0.1032240873039943, -0.021062679908795817, 1.0236447783971059, 0.2852529132013577, -0.04443752206759198
0.13651203172395435, 0.0004276703113863576, 1.0974697177997363, 0.3965946611688014, -0.0003671172915507782
0.12771033621706787, 0.021835609569970774, 0.9307668587262599, 0.22941520583662278, 0.03514668089053717
0.15506341049230843, 0.021272299799929523, 0.560750253271026, 0.23418557837802695, 0.042516279517008426
0.12870768261979035, -0.0043933143295179465, 1.0701805853004727, 0.2047422835146678, -0.006183256891029126
0.12172658165820699, -0.018312340078535275, 0.4562586739500967, 0.3803160884920559, -0.02577977568124759
0.16529293725816277, -0.0332773343587845, 0.6537605276558682, 0.1577504057481481, -0.07997957035848263
0.1402257069669124, -0.03635223902436017, 0.8021377530131573, 0.34366325422655236, -0.05422226844996583
0.13116075609710892, -0.0028801247336526924, 1.00851561531112, 0.2792780507293968, -0.003631399012700694
0.1331012509897094, -0.01278952695982075, 0.8997404895923538, 0.21015095963915648, -0.02527909446269986
0.13977338072630352, 0.02813694915603823, 0.9991592498294543, 0.3034737552942736, 0.04357179900068206
0.1261459662082978, 0.017380691950840372, 1.288604596672005, 0.2673538933231658, 0.041739958926600075
0.1516163783155652, 0.006062972175370887, 0.31669137717040535, 0.18510372177261875, 0.017910542876704693
0.16172175018740553, 0.06061102279978806, 0.8514030145504424, 0.318552279700496, 0.10356433199099016
0.15693730488399177, 0.0012208511466344613, 0.8891609995630337, 0.25221825965554234, 0.002369664448770547
0.15992227418673077, -0.022861508702784628, 0.5120333529805108, 0.2541062068764097, -0.04182965150701071
0.1257321796706326, -0.012450153434965463, 0.7350983399857262, 0.2894367907870929, -0.018315888719941942
0.11596656441660859, -0.01361814967666075, 0.6851131198253687, 0.22548242939428007, -0.03304009447524689
0.1331920763821324, -0.007132152364651727, 0.375802603709926, 0.21388534801768658, -0.015240385196071094
0.1568829860369595, -0.026519874866719986, 0.8508058648994491, 0.2070979211520047, -0.05495968939282626
0.12373906588764019, 0.02700904019543566, 0.8641248649306914, 0.24858198313543553, 0.04683519427278518
0.12216143266588433, 0.05030822948394974, 1.0391447630624293, 0.4429110892778432, 0.08254999702563821
0.13877015764985326, -0.010368359802291614, 0.5043236567557817, 0.12294651210943862, -0.02387531353412288
0.04993084774542745, -0.003646716634041948, 1.112961654611209, 0.31041290707623165, -0.008297310154465595
0.13200672608971645, 0.03815290829238296, 0.8672841588005733, 0.3915420182183534, 0.07784356025190879
0.12703806616592062, 0.00647889016118929, 0.6917551338618613, 0.33298650912860883, 0.005942453713550112
0.1271132957123432, 0.00796336187129284, 0.7152866449686087, 0.22226137077150512, 0.004599380792469862
0.11250665400362125, 0.009694532759663999, 1.0062634693855987, 0.27246798978169934, 0.02252158937921616
0.11627720506349107, 0.018897310074416248, 0.8126187302197421, 0.381471684342699, 0.041043413011454415
0.1337362099010133, 0.037864946889995206, 0.5760561664741897, 0.3345560229413026, 0.06320828220369169
0.08096508568260352, 0.004827263556734126, 0.62903684068211, 0.3774272160918418, 0.006885696898826457
0.13999262277127408, 0.012519631505750257, 0.6967728790206427, 0.32787512803169977, 0.0184473119847392
0.14522760228266596, -0.022842098078989695, 0.5711942772901496, 0.21860074918361433, -0.04512869686684617
0.13796879635147405, 0.02286053604982542, 0.6294959998999096, 0.3233604097817712, 0.029283525431326368
0.13461439192194444, -0.00030185128216081154, 0.6697099769233801, 0.31516244751561806, 0.0009805857498223448
0.09759510249651092, 0.020169158382675138, 0.9524933127442905, 0.35196704371901627, 0.03700501434587454
0.15972453099034037, -0.03647922696374827, 0.7114526831826359, 0.24160694116792733, -0.06582037266043755
0.1524256184447641, -0.026776387053192467, 0.9878130224685705, 0.2578040737354371, -0.05587556023169934
0.14074323065844818, 0.004493983374580967, 0.5327115327823282, 0.2351573602529519, 0.007360673330456666
0.13727504734534623, 0.03303190103606401, 1.026377216415086, 0.28510563352757856, 0.06803198265135858
0.07372508335437358, -0.0028154926814744734, 1.102427077487162, 0.28160968739977127, -0.013431588575403122
0.12799327438608812, -0.011313037667539872, 0.7965134788645706, 0.2375420249674699, -0.015377625587831161
0.13583942737155055, 0.029336405318563293, 0.7871621621742971, 0.3169434769906301, 0.043007315284462055
0.1588848136429207, -0.0015883897265224788, 0.7079243183337547, 0.27598259247628154, -0.005986880682215277
0.12773355776992953, 0.0021184013828429806, 0.5136367179930391, 0.2821693411066435, 0.002978849611413516
0.14430065572577103, -0.005617072410022191, 0.4179067196784627, 0.1791400489005158, -0.012417221947821418
0.12005949194912978, 0.011387029102549484, 1.4481342247842073, 0.34209706934585427, 0.03409940662104608
0.12778769871256673, -0.026925458021769707, 0.6504039222433969, 0.4532923565184406, -0.043176222858884825
0.16691042043521517, 0.040230020185863066, 1.0597161790104412, 0.22859663890259047, 0.07383215943501543
0.13516908078266465, -0.013199829899201425, 0.6198167036416822, 0.3654189166445785, -0.022227448902363695
0.1356367066221884, 0.037579893680984446, 0.7925949227076416, 0.35609854811399905, 0.05539479541839759
0.08871817439942298, 0.012368452693522259, 0.6841978677738513, 0.3517284599990072, 0.009301041100753303
0.17879979605752738, 0.015237203174777685, 0.6720548096262868, 0.2645866963408542, 0.02841760570505651
0.12909500686569012, -0.03414186543257012, 0.8185843749153352, 0.24326697268033665, -0.05997139512693977
0.09631885275909344, -0.030513106384371148, 0.8809606385696085, 0.3358050657516354, -0.048323443463532546
0.11799846879758152, -0.00788740871964128, 0.7282152869882799, 0.2560850348704717, -0.011758100453354303
0.1406789891412771, -0.03687356971324084, 0.9425458715382018, 0.38902306317007573, -0.04968766592069862
0.089331115642988, -0.002231836804400182, 0.6844139045009133, 0.37222559721036313, -0.0010223127774026195
0.09635570369473008, 0.005034021760286911, 0.9943376134824783, 0.37738197005781926, 0.004761879091074221
0.15457442049967887, 0.05841014006303135, 1.1358327110893995, 0.3044880094768522, 0.10353168126313211
0.12778769871256673, -0.026925458021769707, 0.6504039222433969, 0.4532923565184406, -0.043176222858884825
0.10791616436284372, -0.021086706452669003, 0.5119502294296447, 0.2772667780755762, -0.029979647295254562
0.13264038377943643, 0.029188160375968993, 0.8830252475152653, 0.2925703757716002, 0.045129563586742194
0.14727671340696044, 0.022663370943461592, 0.5793826829217282, 0.28876654539608987, 0.02000651449019684
0.14270494969141168, -0.04217034038793606, 0.953905609612835, 0.4268239591177793, -0.05307291547460716
0.12243841482685339, -0.043702207675048614, 0.8433148117300406, 0.31850196595615327, -0.06929548133023378
0.13325937254857861, -0.008049895528285854, 0.9564573604190484, 0.28511245313090317, -0.013256022037129786
0.14135025912392785, 0.0008807822558634333, 0.6316068942871402, 0.3027149489179073, -0.0017075638174710124
0.11505711372733098, -0.03391516958658005, 0.7965284958915321, 0.31065826442516764, -0.05224449179519505
0.12497218797656938, 0.03598761862893118, 1.2729777297581215, 0.2860319800111056, 0.06634565034159381
0.15980957800978976, 0.05457090210996432, 0.7179850556477896, 0.29330209262984774, 0.09390455967696909
0.08195446956696278, 0.017931424896533234, 0.8676300337778257, 0.36819902770928353, 0.03884961049909217
0.14884962095895038, -0.020501745091603095, 1.0238059752339685, 0.3737250089334269, -0.026778946663738125
0.10434938075956747, 0.008449415250176822, 0.6250314719293827, 0.21772810425013106, 0.022434883780230105
0.1649932563262936, -0.003255501137702492, 0.6677237019819061, 0.24456276268498336, -0.002151882741075033
0.18562817349335528, 0.0530185050349165, 0.9148849452369621, 0.2967415969818898, 0.0788780890712878
0.17129904123186612, -0.042404245240187224, 0.6142213409956855, 0.28475891295410855, -0.05606801950934037
0.13650872105048975, 0.04533325239686585, 0.9191487676201869, 0.3048952250361336, 0.06599133507750915
0.15980957800978976, 0.05457090210996432, 0.7179850556477896, 0.29330209262984774, 0.09390455967696909
0.13145503125715202, 0.039566327327684045, 0.5995856550166454, 0.2775004241851351, 0.07723671547466539
0.09013428537437805, -0.02136053847653691, 0.6994108049461009, 0.3679410870620741, -0.028640250036849623
0.1152643088761003, -0.04598241071059753, 0.5801080195655117, 0.437182698008836, -0.07629809304752477
0.09450242936173227, 0.010717171130302308, 0.8770649114982451, 0.28908619714276484, 0.016734590774401002
0.17124326573820475, 0.01115037513292515, 0.6230047727314001, 0.3204226432571957, 0.005288743959305831
0.12953280169765743, 0.04334308515917154, 1.0249456429405344, 0.35794736255441884, 0.06612671584594468
0.1817245590856048, 0.050488947801067725, 0.6460515212079616, 0.3391156822925788, 0.07438556999578115
0.12216143266588433, 0.05030822948394974, 1.0391447630624293, 0.4429110892778432, 0.08254999702563821
0.12601770254283182, -0.024032859879785567, 0.7795551638930764, 0.2912111709863673, -0.032639300268120654
0.12817574548905306, -0.013369689293788069, 0.9548713992992578, 0.30775599738888126, -0.025352204186136932
0.11564808910790754, -0.015868736339860398, 0.6240003961526992, 0.33239957925635183, -0.02994131171336794
0.14721037770301515, 0.04037791918189896, 0.9705803213729142, 0.3007845702222312, 0.06635225617377234
0.13831925412215815, -0.018484198482293098, 0.6253507908983623, 0.35173160163902556, -0.03441860045876338
0.12547044502253832, -0.0015146375528703843, 0.5788061264573572, 0.37635268972787805, -0.0013147022021309232
0.1290474856171363, 0.012438869195966968, 0.8046534080061926, 0.2914219573374259, 0.02758470653176871
0.11604903186104233, 0.031023465806758257, 0.512811962687457, 0.3167732124215592, 0.03826908815225774
0.1817245590856048, 0.050488947801067725, 0.6460515212079616, 0.3391156822925788, 0.07438556999578115
0.11426854337683405, 0.007057385290339282, 0.7333244295875652, 0.27336958603267364, -0.011396450784508651
0.16822203042023953, 0.04886171481535147, 0.5621505185762362, 0.2836639112032245, 0.07817955434530316
0.1732638496623123, 0.07670783527836314, 0.5245750475563011, 0.3954638438452927, 0.11983464966100645
0.1370528442902862, 0.04172495045692457, 0.9162182028497864, 0.3534423847177232, 0.06327840810300484
0.09910116317098568, -0.010899921490461394, 0.9919585362048357, 0.376869021055584, -0.006970745273511853
0.10423026328497373, -0.006502733265699302, 0.6409708126588625, 0.36252494010706665, -0.011230706201723374
0.10945596777939798, 0.008810823902889994, 1.2372311662277027, 0.31065467567392213, 0.021234206916452784
0.0802049673328426, -0.011956237110289971, 0.8414533233599386, 0.35239922670735074, -0.022840649296662064
0.1598681725707468, 0.06671278937768473, 1.0015495067179783, 0.35876417198338173, 0.09551849087137601
0.1820780991751274, 0.049378289221377825, 0.6785115297190383, 0.28881959998660667, 0.08959421619124894
0.1346363247624321, -0.002538033869992421, 0.6952739809023385, 0.393701236899164, -0.005019546890407115
0.1610181351043569, -0.02889521907210971, 0.6282393869723373, 0.25004654176083374, -0.04841884171784745
0.14098783250192765, 0.04448954769942416, 1.0344263131988232, 0.32319528524644914, 0.08009480393670844
0.12018353181172158, -0.01638866346087528, 1.0428573021058434, 0.3514014255771542, -0.019574736380651353
0.1405752039711759, 0.014441213332048716, 0.9160934410639492, 0.33568430818691225, 0.016477611127298883
0.14881051789667293, 0.017148421533891067, 1.1069130633690722, 0.30213553056592174, 0.022725031084457125
0.18562817349335528, 0.0530185050349165, 0.9148849452369621, 0.2967415969818898, 0.0788780890712878
0.15903746149426648, 0.060541676666699525, 0.808333515076462, 0.4217468020709776, 0.09839361541125091
