,SEED,TOTAL_STEPS,CL0,CR0,CL1,CR1,AVG_SPEED,ANG_MOMENTUM,RADIAL_VARIANCE,SCATTER,GROUP_ROTATION
0,1,10001,-1.0,-1.0,1.0,-1.0,0.7608495515360622,-0.30233765714325905,0.9110205614432951,0.4969686548971027,-0.5460171207026537
1,1,10001,-1.0,-0.9,1.0,-1.0,1.2852402064174846,-0.8008144549574676,0.2846132876059602,0.4984986075258383,-1.1913311112773461
2,1,10001,-1.0,-0.8,1.0,-1.0,0.814933807812583,-0.46186311623186277,0.46144874957297755,0.5396378571149835,-0.7690733662693752
3,1,10001,-1.0,-0.7,1.0,-1.0,0.9276293304930728,-0.42882768742113697,0.9431279847140612,0.4719980120237588,-0.7551094565619226
4,1,10001,-1.0,-0.6,1.0,-1.0,0.8749445633331842,-0.4820649828557855,0.5873528280583361,0.5625267168659754,-0.6636774310872541
5,1,10001,-1.0,-0.5,1.0,-1.0,,,,,
6,1,10001,-1.0,-0.4,1.0,-1.0,,,,,
7,1,10001,-1.0,-0.3,1.0,-1.0,0.0,0.0,0.21765028025510247,0.6812775275524993,0.0
8,1,10001,-1.0,-0.2,1.0,-1.0,0.06381779699433185,0.000359440698955921,0.1616500774219184,0.7115266197057203,0.00038887541359048137
9,1,10001,-1.0,-0.1,1.0,-1.0,0.45540038810003547,-0.02853435676331488,1.439514246613415,0.4453880341089495,0.03272258919468904
10,1,10001,-1.0,0.0,1.0,-1.0,0.0,0.0,0.38212176169452855,0.7453881967999996,0.0
11,1,10001,-1.0,0.1,1.0,-1.0,0.488038753781499,0.03490429934475616,1.0856061376530983,0.463804482953237,0.0017795710929841807
12,1,10001,-1.0,0.2,1.0,-1.0,0.48019067861799675,-0.00907788321988789,0.7837160691600825,0.44015078974022187,0.003453968738228591
13,1,10001,-1.0,0.3,1.0,-1.0,0.4223348925285551,-0.010218246855416089,0.6547181451459656,0.4525061619456834,-0.03375895975382175
14,1,10001,-1.0,0.4,1.0,-1.0,0.3979837212348956,0.004916351166079507,0.6724399440131792,0.4829257369161091,0.010161060559751769
15,1,10001,-1.0,0.5,1.0,-1.0,0.3797616770798867,0.0028082569725793836,0.7439631693407566,0.4679319627245311,-0.00043609615015561057
16,1,10001,-1.0,0.6,1.0,-1.0,0.27459053707200715,-0.0004335443685872173,0.5316920191304834,0.5166069364412804,-0.005351452353715287
17,1,10001,-1.0,0.7,1.0,-1.0,0.24679679264977947,0.0031142829875679978,0.6572748252261101,0.4949049676472273,0.0007630931702908622
18,1,10001,-1.0,0.8,1.0,-1.0,0.15234411833345587,-0.0018503395546675121,0.6544566383361519,0.5141527708846052,-0.0016727415886331665
19,1,10001,-1.0,0.9,1.0,-1.0,0.07042982166708077,0.0044195813917516655,0.5999917244688028,0.4537727366062186,0.006056975693710127
20,1,10001,-0.9,-1.0,1.0,-1.0,1.519069553086406,-0.6731371378812401,0.8040980827801694,0.3748752488788311,-1.088469351256128
21,1,10001,-0.9,-0.9,1.0,-1.0,1.1926789007538028,-0.5030772388314887,0.16396241308046555,0.5078251563512546,-0.717390849537866
22,1,10001,-0.9,-0.8,1.0,-1.0,1.0817583639717065,-0.47069727034062764,0.2992564331573995,0.5005534345171787,-0.6937142781768035
23,1,10001,-0.9,-0.7,1.0,-1.0,0.9933498108327943,-0.5116626268570837,0.5555600008738348,0.542226654094491,-0.726889174335319
24,1,10001,-0.9,-0.6,1.0,-1.0,1.0368434389299748,-0.35238805492914055,0.8004249524176893,0.4863444264232367,-0.4278259209463166
25,1,10001,-0.9,-0.5,1.0,-1.0,0.719482900918835,-0.40790839854882166,0.9964611314780707,0.5095419509153417,-0.6059713233359273
26,1,10001,-0.9,-0.4,1.0,-1.0,0.03217124398337648,-4.0207333336558447e-07,0.2206243310991297,0.7072506090916331,-6.324620547730718e-06
27,1,10001,-0.9,-0.3,1.0,-1.0,,,,,
28,1,10001,-0.9,-0.2,1.0,-1.0,,,,,
29,1,10001,-0.9,-0.1,1.0,-1.0,0.528328322558243,-0.07730391346336203,0.7272689175574121,0.402218162730221,-0.053807982099002186
30,1,10001,-0.9,0.0,1.0,-1.0,0.4016803356415278,0.06145232346137106,0.48331451638866285,0.5221036327909127,0.1082556413057815
31,1,10001,-0.9,0.1,1.0,-1.0,,,,,
32,1,10001,-0.9,0.2,1.0,-1.0,0.387915259964631,0.005209953301414701,0.7764305529959288,0.4518696117837161,0.008386696265574613
33,1,10001,-0.9,0.3,1.0,-1.0,0.34597615093773093,-0.036359502347884584,1.0860279023481776,0.46586829576182365,-0.09192369289079005
34,1,10001,-0.9,0.4,1.0,-1.0,0.2599313346488525,0.016388166533811675,0.8589919361066849,0.4709090194211187,0.03693623647931134
35,1,10001,-0.9,0.5,1.0,-1.0,0.25594578201650536,0.0066562708399950325,0.9409125733193308,0.49827721160512195,0.01399237805292898
36,1,10001,-0.9,0.6,1.0,-1.0,0.2045929882963375,-0.0005007827218749712,0.6436273504266974,0.4870393943296512,-0.005417828447380324
37,1,10001,-0.9,0.7,1.0,-1.0,0.14952145818382698,0.0005814382013546146,0.6950804377124815,0.5006010603838572,-0.0016639697001557669
38,1,10001,-0.9,0.8,1.0,-1.0,0.07618248974021496,0.0011042160644899159,0.6641856536450312,0.47537476104927234,0.0024656214167200884
39,1,10001,-0.9,0.9,1.0,-1.0,0.0,0.0,0.39775864253806814,0.2356690113230174,0.0
40,1,10001,-0.8,-1.0,1.0,-1.0,1.7209045825528597,-0.4308807251856182,0.507098492742771,0.1445338016915464,-1.1110382121472089
41,1,10001,-0.8,-0.9,1.0,-1.0,1.5179399831287739,-0.7833567464362683,0.8338741033035676,0.3829338641721248,-1.3047349746877892
42,1,10001,-0.8,-0.8,1.0,-1.0,0.8431273082055551,-0.40062043442015144,0.6053360098129388,0.5105670977965607,-0.5587677228131649
43,1,10001,-0.8,-0.7,1.0,-1.0,0.8848780870309015,-0.45080891915943655,0.7344586513000525,0.491643453290525,-0.6447419204568909
44,1,10001,-0.8,-0.6,1.0,-1.0,0.7319260023975876,-0.23497589538863084,0.800065194312349,0.5184408166638746,-0.308841098236346
45,1,10001,-0.8,-0.5,1.0,-1.0,0.7298325524009135,-0.3195273779057826,0.6735121291101628,0.5030403354095859,-0.5306016659029182
46,1,10001,-0.8,-0.4,1.0,-1.0,0.46159001947452305,-0.15014686247145467,1.3526164609330287,0.4506050810405977,-0.2536054669321215
47,1,10001,-0.8,-0.3,1.0,-1.0,0.540420672953378,-0.09600502360231371,0.7262535308732617,0.444625843514152,-0.06001092657216826
48,1,10001,-0.8,-0.2,1.0,-1.0,,,,,
49,1,10001,-0.8,-0.1,1.0,-1.0,0.022487178351012285,-6.951307631710385e-05,0.5340340059796624,0.537157991042172,-0.0001267733047332517
50,1,10001,-0.8,0.0,1.0,-1.0,,,,,
51,1,10001,-0.8,0.1,1.0,-1.0,0.3334740027991213,-0.02681971697968899,1.2108873440561758,0.48111063083177774,-0.04828533375425645
52,1,10001,-0.8,0.2,1.0,-1.0,0.03318364658024907,0.009496026502336278,0.6264009419469049,0.6675909664102754,0.012014150748938407
53,1,10001,-0.8,0.3,1.0,-1.0,0.2716131258594528,-0.0349245509371807,0.7276294299469087,0.4368129315098037,-0.04201134998464884
54,1,10001,-0.8,0.4,1.0,-1.0,0.22110150965386208,-0.010659894432273392,0.7828759430683633,0.4248310120246612,-0.013094381158779414
55,1,10001,-0.8,0.5,1.0,-1.0,0.19147486901787317,-0.004782530202020226,0.7786455267575435,0.46624469547320807,-0.0013834427324338268
56,1,10001,-0.8,0.6,1.0,-1.0,0.1200272736917511,0.003862954196247926,0.8539705734975459,0.45815395952190985,0.008623925101680004
57,1,10001,-0.8,0.7,1.0,-1.0,0.044792313480716536,-0.009100944545071649,0.845991880940899,0.4695375535348336,-0.014183543338017768
58,1,10001,-0.8,0.8,1.0,-1.0,0.0,0.0,0.39775864253806814,0.2356690113230174,0.0
59,1,7660,-0.8,0.9,1.0,-1.0,0.0544166666666658,0.004587776747047917,0.16556576729253242,0.04996344778239784,0.012606628955860812
60,1,757,-0.7,-1.0,1.0,-1.0,1.594733835581053,-0.26223579697631183,0.1428168866338662,0.049990853845063805,-1.1435975415598674
61,1,10001,-0.7,-0.9,1.0,-1.0,1.4183571213561985,-0.3465904973513529,0.4166178960049233,0.12044569043448204,-0.8834384963566103
62,1,10001,-0.7,-0.8,1.0,-1.0,1.487966921946932,-0.7580759668146945,0.5263032946400912,0.3091222840373523,-1.344353768747365
63,1,10001,-0.7,-0.7,1.0,-1.0,0.9786954554553959,-0.38102502983351527,0.8230524555634827,0.45331985895535676,-0.5991475739278292
64,1,10001,-0.7,-0.6,1.0,-1.0,0.660954648953542,-0.27309730640099805,0.841097888346647,0.5243820184406224,-0.4358548963877235
65,1,10001,-0.7,-0.5,1.0,-1.0,0.665328599352978,-0.33455032591354117,0.8910323267282585,0.5226203034988237,-0.49695688022248724
66,1,10001,-0.7,-0.4,1.0,-1.0,0.7042477125767842,-0.32881049204058216,0.2840534391336502,0.43471484429604956,-0.4859143408800757
67,1,10001,-0.7,-0.3,1.0,-1.0,0.5812980076730007,-0.1950490353537559,0.937126283493493,0.43190650674011616,-0.2604487014092107
68,1,10001,-0.7,-0.2,1.0,-1.0,0.44839579143000674,-0.028893490490568614,0.6888804749969236,0.6263288804631818,-0.012338966694896127
69,1,10001,-0.7,-0.1,1.0,-1.0,0.05088873433145183,3.440043285136661e-06,0.4509873091159109,0.6647165961570208,-2.500302889138904e-05
70,1,10001,-0.7,0.0,1.0,-1.0,0.24407220274355748,-0.06861611157784353,1.1318948271693114,0.5458782835781932,-0.11628653639765586
71,1,10001,-0.7,0.1,1.0,-1.0,0.08095128678879682,0.04393167870285735,0.6611857279879568,0.6341868195747498,0.07949323345773546
72,1,10001,-0.7,0.2,1.0,-1.0,0.0,0.0,0.009807328724678684,0.7838803904576005,0.0
73,1,10001,-0.7,0.3,1.0,-1.0,0.025283736354679703,0.01214923175584115,0.43807809759472094,0.7320699619846919,0.02034124641650544
74,1,10001,-0.7,0.4,1.0,-1.0,0.1424683238901255,0.004106664889424902,0.9534512565053802,0.4643052049245939,-0.003620163770936386
75,1,10001,-0.7,0.5,1.0,-1.0,0.10001531197812576,0.022987815373480058,0.8585999664406423,0.49186398102235124,0.03675487272453457
76,1,10001,-0.7,0.6,1.0,-1.0,0.05897327456611631,-0.004999683092183001,1.0053133871303352,0.4578849361169251,-0.004450758409597456
77,1,10001,-0.7,0.7,1.0,-1.0,0.0,0.0,0.39775864253806814,0.2356690113230174,0.0
78,1,4367,-0.7,0.8,1.0,-1.0,0.05749999999999991,0.00647364470359682,0.2616435774531495,0.04996867317261607,0.029171399163467147
79,1,2996,-0.7,0.9,1.0,-1.0,0.10903189932954216,0.017216183848334496,0.229863055897455,0.049952205503597163,0.08394085832645036
80,1,596,-0.6,-1.0,1.0,-1.0,1.2906097165222468,-0.11398755757084521,0.17147514609818068,0.04985123476557906,-0.4329192652120591
81,1,780,-0.6,-0.9,1.0,-1.0,1.3568332482925936,-0.18061857061031575,0.17304947700499568,0.049880912138228706,-0.6695259338909676
82,1,10001,-0.6,-0.8,1.0,-1.0,1.3303342082021974,-0.28421970112992456,0.26563421258427833,0.08229407950637166,-0.8978745015297891
83,1,10001,-0.6,-0.7,1.0,-1.0,1.2677325156719494,-0.5484489309952375,0.6464397055009347,0.31105233396350274,-0.8646235757248418
84,1,10001,-0.6,-0.6,1.0,-1.0,0.7383226687763387,-0.31561464811326984,0.928860358136157,0.45565733146411197,-0.5016385155904919
85,1,10001,-0.6,-0.5,1.0,-1.0,0.5573129650464008,-0.17635554227272376,0.874399777599283,0.5092765700727037,-0.19992338058638062
86,1,10001,-0.6,-0.4,1.0,-1.0,0.525070858231567,-0.20333992938410028,1.3664862828406328,0.46713559971090146,-0.30449706980638674
87,1,10001,-0.6,-0.3,1.0,-1.0,0.5925486637776196,-0.27612061978329927,0.9716981899588295,0.4619439974901401,-0.37882771097653944
88,1,10001,-0.6,-0.2,1.0,-1.0,0.5035550811892824,-0.22205065079365457,0.7271129918472908,0.4425803524682935,-0.3843402553677938
89,1,10001,-0.6,-0.1,1.0,-1.0,0.17819327354471068,-0.05284564333062439,0.6635857365154737,0.5559861626644959,-0.04636540048856287
90,1,10001,-0.6,0.0,1.0,-1.0,0.1310735726024265,-0.00299401860284638,0.798785580999878,0.7038091747738058,-0.005738361595676909
91,1,10001,-0.6,0.1,1.0,-1.0,0.21282169921067942,-0.08550689711829108,0.8515126801406658,0.47458138547019163,-0.11731671600722503
92,1,10001,-0.6,0.2,1.0,-1.0,0.15332342137281824,-0.05648300636114511,0.4803947606209811,0.5832605903306248,-0.08645271226161963
93,1,10001,-0.6,0.3,1.0,-1.0,0.12292355687922148,-0.006003668637070267,0.5873927853319568,0.4908841293198368,0.007308910289827128
94,1,10001,-0.6,0.4,1.0,-1.0,0.011820749506136657,0.005343649320838382,0.4401397560308623,0.700168188382488,0.007689389133500241
95,1,10001,-0.6,0.5,1.0,-1.0,0.042682170313103146,-0.008358509348531887,0.6801946564418077,0.40185492247744053,-0.010409031528585197
96,1,10001,-0.6,0.6,1.0,-1.0,0.0,0.0,0.39775864253806814,0.2356690113230174,0.0
97,1,3852,-0.6,0.7,1.0,-1.0,0.06074999999999995,0.01155578202715262,0.05696361107141864,0.04998798119385416,0.05309499318396125
98,1,2079,-0.6,0.8,1.0,-1.0,0.11783333333333276,0.019242681164905254,0.15541315765399322,0.04997724135626063,0.09478647520688131
99,1,1577,-0.6,0.9,1.0,-1.0,0.17292146325724056,0.0207323632876533,0.22054317955655514,0.049940141844447734,0.08911836657462818
100,1,597,-0.5,-1.0,1.0,-1.0,1.2727419198604846,-0.12326730342353781,0.1610763660470787,0.049725288526580244,-0.4768775124664337
101,1,597,-0.5,-0.9,1.0,-1.0,1.235726793416294,-0.09638891381887088,0.13954445437995144,0.04990859577230958,-0.3625258196353016
102,1,748,-0.5,-0.8,1.0,-1.0,1.05887655934482,-0.10811755761461234,0.15568198192908184,0.049808529722371576,-0.4102883197254109
103,1,1481,-0.5,-0.7,1.0,-1.0,0.9361760743455396,-0.15894665545288256,0.20487737737067754,0.049810595358337734,-0.6535727484005237
104,1,10001,-0.5,-0.6,1.0,-1.0,1.0608846081681202,-0.3336293994139725,0.41996268651847335,0.15799443728536033,-0.8380314909351347
105,1,10001,-0.5,-0.5,1.0,-1.0,0.61136112165144,-0.34910553620816115,0.4073473027181641,0.4893479907193972,-0.565150287070091
106,1,10001,-0.5,-0.4,1.0,-1.0,0.716195016073881,-0.3395917763484955,0.6104953644892656,0.4622158366324498,-0.4508120886133266
107,1,10001,-0.5,-0.3,1.0,-1.0,0.5000106500862905,-0.25908157857560843,0.49419488828266367,0.5037190564918081,-0.3903006309890422
108,1,10001,-0.5,-0.2,1.0,-1.0,0.43683687141997196,-0.20952164997587627,0.7031148365713993,0.42866309084823756,-0.33771901765143203
109,1,10001,-0.5,-0.1,1.0,-1.0,0.34733673771598794,-0.1679678977409453,0.9078183437198808,0.47141371782419844,-0.31026985059313494
110,1,10001,-0.5,0.0,1.0,-1.0,0.05567407104483631,-0.013126649266127652,0.4280807810141123,0.5875136876582974,-0.02243540492989426
111,1,10001,-0.5,0.1,1.0,-1.0,0.1368896465324001,-0.021369387631404682,1.2955081066478604,0.47825767581986045,-0.022215500702877717
112,1,10001,-0.5,0.2,1.0,-1.0,0.11081392186969995,-0.009892349222372183,0.3963023010096072,0.5672415597314684,-0.009118576794226218
113,1,10001,-0.5,0.3,1.0,-1.0,0.0846648229242132,0.014180806272208071,1.1509612475716522,0.4390579585307566,0.019758125537523753
114,1,10001,-0.5,0.4,1.0,-1.0,0.03931319213885834,0.00669463334693732,1.2823681378934717,0.47054083949837633,0.008331269481744697
115,1,10001,-0.5,0.5,1.0,-1.0,0.0,0.0,0.39775864253806814,0.2356690113230174,0.0
116,1,4486,-0.5,0.6,1.0,-1.0,0.06474999999999967,0.011739280058009645,0.08735381618238275,0.04999682243658022,0.05625884403995137
117,1,2172,-0.5,0.7,1.0,-1.0,0.12716666666666715,0.01742382138722655,0.1499037207661813,0.04996110982877399,0.07779521941692208
118,1,1406,-0.5,0.8,1.0,-1.0,0.18474999999999944,0.03054639560047091,0.1798027666494942,0.049944938362074,0.15224845679338325
119,1,1288,-0.5,0.9,1.0,-1.0,0.2396666666666666,0.04961476774420162,0.03081505349314649,0.049955073742062185,0.22668249498759013
120,1,651,-0.4,-1.0,1.0,-1.0,1.0605879338079882,-0.05906207065176407,0.08325953048557987,0.04982178191262006,-0.21880422102142294
121,1,760,-0.4,-0.9,1.0,-1.0,1.1129121443539254,-0.11667204753032172,0.1437934022855434,0.049901392654648866,-0.43947188738711346
122,1,717,-0.4,-0.8,1.0,-1.0,0.9916142452006785,-0.07302073023054535,0.1494327662190434,0.04993576069672885,-0.3527700905473383
123,1,755,-0.4,-0.7,1.0,-1.0,0.9911804088595584,-0.061672082680021376,0.14977817195367316,0.04995186693145512,-0.21200627300078181
124,1,773,-0.4,-0.6,1.0,-1.0,0.891051624982352,-0.060024711676044784,0.12929924460304373,0.04978527261531766,-0.21405023490556016
125,1,10001,-0.4,-0.5,1.0,-1.0,0.8823452322186677,-0.22904256576108145,0.8736029762693831,0.1790591984299719,-0.4876752177803141
126,1,10001,-0.4,-0.4,1.0,-1.0,0.3600531746315957,-0.2077553114922368,0.33600037492925444,0.5186728708295805,-0.3274652040376296
127,1,10001,-0.4,-0.3,1.0,-1.0,0.4720783052246921,-0.24879888655188864,0.6089298549062238,0.48972273296587604,-0.40397371595778353
128,1,10001,-0.4,-0.2,1.0,-1.0,0.38290349129085116,-0.1777971497049654,0.49887849245652943,0.4559923418130131,-0.2499651414674567
129,1,10001,-0.4,-0.1,1.0,-1.0,0.30661574048236495,-0.16254258749317083,0.43277285005339344,0.4675687137600844,-0.26080193795348755
130,1,10001,-0.4,0.0,1.0,-1.0,0.28950921859029655,-0.16082008439813006,0.4743009807629302,0.499510251578714,-0.23350185486097724
131,1,10001,-0.4,0.1,1.0,-1.0,0.08373653112925701,-0.01819556276482432,0.5053201163612507,0.652833984289162,-0.022732997526746467
132,1,10001,-0.4,0.2,1.0,-1.0,0.0656185868364667,-0.012091100699147213,0.790288750656034,0.5282166508122611,-0.0100021759594121
133,1,10001,-0.4,0.3,1.0,-1.0,0.03695728844280295,-0.007269963676756244,1.9799760237239943,0.4164199127327322,-0.020152066971909906
134,1,10001,-0.4,0.4,1.0,-1.0,0.0,0.0,0.39775864253806814,0.2356690113230174,0.0
135,1,4626,-0.4,0.5,1.0,-1.0,0.0688197581278886,0.014599508688128662,0.033253199970221754,0.04998437609553686,0.0665920404735315
136,1,2997,-0.4,0.6,1.0,-1.0,0.1346666666666669,0.029590598268866484,0.00931146982038805,0.04999082568799989,0.13322554276564147
137,1,1705,-0.4,0.7,1.0,-1.0,0.1965000000000005,0.036933750426914484,0.08263449443446311,0.04995673808293888,0.16378744512101226
138,1,1333,-0.4,0.8,1.0,-1.0,0.254666666666666,0.048283930110856695,0.07758686938646552,0.04994986798150503,0.22735960634805583
139,1,771,-0.4,0.9,1.0,-1.0,0.30916666666666637,0.05697650098373171,0.13334218465233635,0.04991535313561628,0.28025769396234784
140,1,673,-0.3,-1.0,1.0,-1.0,0.9783269605547159,-0.06982806447120617,0.07804222643096481,0.04981480126681349,-0.26341501871433254
141,1,767,-0.3,-0.9,1.0,-1.0,1.0917119789139185,-0.0889637888561472,0.08421118601916948,0.049951146581730395,-0.3007329349799139
142,1,770,-0.3,-0.8,1.0,-1.0,0.9188842786230896,-0.06008400013569202,0.10358011492213853,0.04980983011501654,-0.21393364817119018
143,1,891,-0.3,-0.7,1.0,-1.0,0.8108332708924146,-0.06701083105242427,0.0948553827110604,0.049841651406698474,-0.2720496109382131
144,1,918,-0.3,-0.6,1.0,-1.0,0.8343381957649797,-0.06729249090926588,0.11356509006183808,0.049921723701138745,-0.3306727261874673
145,1,982,-0.3,-0.5,1.0,-1.0,0.7539711880175516,-0.09443387117387597,0.08094028740314689,0.04982402100118476,-0.4286697792971699
146,1,1589,-0.3,-0.4,1.0,-1.0,0.6138710199325291,-0.09149914609604792,0.31507333575646007,0.04993999801454023,-0.38431980047367487
147,1,10001,-0.3,-0.3,1.0,-1.0,0.37262212690003205,-0.18761895280629226,0.5623027582668191,0.4245043293378962,-0.3099016841454862
148,1,10001,-0.3,-0.2,1.0,-1.0,0.393610222127591,-0.1870257148529692,0.5367245553805895,0.46976175513450097,-0.2953861202572785
149,1,10001,-0.3,-0.1,1.0,-1.0,0.25684602581876614,-0.1523482204334191,0.2861563182281948,0.5829773068749673,-0.2113028381914539
150,1,10001,-0.3,0.0,1.0,-1.0,0.23045781441290458,-0.1143590987226604,0.3688220658184636,0.4894975631375682,-0.15176703319079857
151,1,10001,-0.3,0.1,1.0,-1.0,0.09976515922222186,-0.025699199938238024,0.9327394649017192,0.4743089150865517,-0.03494207594782786
152,1,10001,-0.3,0.2,1.0,-1.0,0.045151334090461716,-0.025482717703749578,0.35278084840657686,0.5794877973390855,-0.03839985401852101
153,1,10001,-0.3,0.3,1.0,-1.0,0.0,0.0,0.39775864253806814,0.2356690113230174,0.0
154,1,5407,-0.3,0.4,1.0,-1.0,0.07424998865694704,0.016388021961832172,0.013035720829925402,0.04999996763687173,0.07376655768776713
155,1,2559,-0.3,0.5,1.0,-1.0,0.1448333333333335,0.03167279005925305,0.008869531352230207,0.04999676127755091,0.14234199107714773
156,1,1273,-0.3,0.6,1.0,-1.0,0.2090294519150971,0.037789317546248404,0.1337288339755918,0.049938753004838486,0.1708225179529433
157,1,1253,-0.3,0.7,1.0,-1.0,0.27200000000000024,0.059035024465416266,0.02314135291124822,0.0499658518450746,0.2677557381288393
158,1,993,-0.3,0.8,1.0,-1.0,0.33166666666666667,0.05832593410176996,0.13752109575829666,0.04998226605153024,0.2892502095116753
159,1,673,-0.3,0.9,1.0,-1.0,0.3875000000000004,0.06408922981873505,0.15282864285803194,0.04999687235339511,0.3207569723749415
160,1,932,-0.2,-1.0,1.0,-1.0,0.8586357063109944,-0.03928805848009957,0.08413102129299804,0.049996441107764286,-0.15156521220040653
161,1,981,-0.2,-0.9,1.0,-1.0,0.8289697366274718,-0.041367443871612425,0.10587264677581086,0.049982838887224525,-0.18283883225026432
162,1,847,-0.2,-0.8,1.0,-1.0,0.78757622167613,-0.03696398523519589,0.05473252304584011,0.049981278144455965,-0.11617250032373155
163,1,927,-0.2,-0.7,1.0,-1.0,0.7138974065455188,-0.014068568968165749,0.06822839176316463,0.049947046363992144,-0.03981539566257956
164,1,1079,-0.2,-0.6,1.0,-1.0,0.6833124039366608,-0.04935030320995505,0.08145644999733367,0.04998647042328605,-0.19068047417394574
165,1,1192,-0.2,-0.5,1.0,-1.0,0.6402272640809784,-0.02442636819955928,0.08662130047428648,0.049905879047121175,-0.06911315225583252
166,1,1379,-0.2,-0.4,1.0,-1.0,0.5627822326322446,-0.023685788261564297,0.09180143102913377,0.04984826033227087,-0.08910236176986987
167,1,1486,-0.2,-0.3,1.0,-1.0,0.46809727979394716,-0.03829358808138018,0.11977933526160787,0.0499616615408531,-0.14580667538530437
168,1,10001,-0.2,-0.2,1.0,-1.0,0.3273360999040991,-0.152262442275551,0.4311534609284714,0.45839365247752845,-0.23770632036461375
169,1,10001,-0.2,-0.1,1.0,-1.0,0.17795070264950827,-0.08038612505952239,0.518635775226645,0.4444937121417435,-0.13087982795448494
170,1,10001,-0.2,0.0,1.0,-1.0,0.14161525228661453,-0.06789120143745403,1.0622160416277981,0.445237108149139,-0.11994632830235656
171,1,10001,-0.2,0.1,1.0,-1.0,0.06349632464904366,-0.026189020906249527,0.6186444245178966,0.45188786667463715,-0.03985557962065817
172,1,10001,-0.2,0.2,1.0,-1.0,0.0,0.0,0.39775864253806814,0.2356690113230174,0.0
173,1,5110,-0.2,0.3,1.0,-1.0,0.08027788502176421,0.017731045069463894,0.012362626268202136,0.049995715278102475,0.07979794536612336
174,1,2935,-0.2,0.4,1.0,-1.0,0.15557755676098842,0.034451383299880296,0.007622528552273956,0.0499991761093656,0.15471458296343216
175,1,2573,-0.2,0.5,1.0,-1.0,0.22700000000000004,0.05061238538754613,0.0015816108773150865,0.04999943396076304,0.22653098189704507
176,1,2197,-0.2,0.6,1.0,-1.0,0.29266666666666713,0.0653093121786019,0.0008582989093566163,0.04999589644173748,0.2922236317572656
177,1,1006,-0.2,0.7,1.0,-1.0,0.35541666666666616,0.07422619541069628,0.04349252629295807,0.049954648901354794,0.3404786034704403
178,1,925,-0.2,0.8,1.0,-1.0,0.41299999999999926,0.08595644712518795,0.04378910834106452,0.049973930640343375,0.3948668106945221
179,1,1387,-0.2,0.9,1.0,-1.0,0.4713333333333329,0.10522916708625024,0.0004953193431562298,0.04999859746650258,0.4707409589733104
180,1,1029,-0.1,-1.0,1.0,-1.0,0.6856879394642388,-0.026509715085403632,0.0755620160057316,0.0499709972172707,-0.08781948866544181
181,1,1001,-0.1,-0.9,1.0,-1.0,0.6530309739593667,-0.019726635757871782,0.07210119819120303,0.04993472758912412,-0.059089862829428116
182,1,1330,-0.1,-0.8,1.0,-1.0,0.6638594160384116,-0.0195612732080788,0.07548183387717634,0.04999582794506022,-0.05996977183373418
183,1,1259,-0.1,-0.7,1.0,-1.0,0.5193605635695003,-0.022219603010287196,0.05401017578476292,0.04998059571251026,-0.06451840902943265
184,1,1329,-0.1,-0.6,1.0,-1.0,0.5592971281734256,-0.0350077914670682,0.0785288895182682,0.049993119160016065,-0.14991445731227362
185,1,1550,-0.1,-0.5,1.0,-1.0,0.5414759014017558,-0.032670909256162034,0.05597166875485285,0.04998473161231717,-0.1012133222441761
186,1,1644,-0.1,-0.4,1.0,-1.0,0.38305674888494307,-0.0287752719711148,0.04848625328264589,0.049858288185088064,-0.11532683911209092
187,1,1855,-0.1,-0.3,1.0,-1.0,0.3732034981318474,-0.024405154807220577,0.0861546890404671,0.04998627210208054,-0.06615598783117069
188,1,2525,-0.1,-0.2,1.0,-1.0,0.2921742537377593,-0.04043812859427881,0.045323580861591176,0.049996153189278435,-0.17847436341283662
189,1,10001,-0.1,-0.1,1.0,-1.0,0.14427673932545038,-0.05603316750824798,0.8265894022379113,0.48185259028713107,-0.08916338332404866
190,1,10001,-0.1,0.0,1.0,-1.0,0.052919499328909485,-0.028337299497682666,0.27671597538744847,0.5405346506359965,-0.04336747406026056
191,1,10001,-0.1,0.1,1.0,-1.0,0.0,0.0,0.39775864253806814,0.2356690113230174,0.0
192,1,5167,-0.1,0.2,1.0,-1.0,0.08740776205465811,0.019360374936199496,0.007615763959469538,0.0499996889232394,0.08691704634578175
193,1,3707,-0.1,0.3,1.0,-1.0,0.16900000000000193,0.0377086552532263,0.0009896390610816292,0.04999956109982204,0.16871771133998326
194,1,2031,-0.1,0.4,1.0,-1.0,0.24329966047239274,0.05369951618617372,0.011659580722116607,0.04997590845973418,0.24132358652905345
195,1,1624,-0.1,0.5,1.0,-1.0,0.31368785997476917,0.0692458322901845,0.011519408358001136,0.049983177723708805,0.31117784390235004
196,1,1370,-0.1,0.6,1.0,-1.0,0.38078999201354796,0.08416402691939094,0.01161413249614136,0.049995596097044445,0.3783449671567328
197,1,986,-0.1,0.7,1.0,-1.0,0.443842961017442,0.09673751141772836,0.01757186906179949,0.049948279071621034,0.4359276333216428
198,1,794,-0.1,0.8,1.0,-1.0,0.5022499999999999,0.1071362065022261,0.028339883349478946,0.049944555277186164,0.4877520945946185
199,1,738,-0.1,0.9,1.0,-1.0,0.5582807538353817,0.11922506557141782,0.028303093973084188,0.049941534239599274,0.5406288579913925
200,1,1095,0.0,-1.0,1.0,-1.0,0.6273297558915226,-0.016506777462574534,0.06440233018523299,0.0498933535157253,-0.053551568175914104
201,1,1229,0.0,-0.9,1.0,-1.0,0.5721661228235153,-0.006805887938136825,0.08921352359851303,0.04991875540943476,-0.011168365337901831
202,1,1150,0.0,-0.8,1.0,-1.0,0.5750322971667724,-0.016521146532849154,0.08157544686710703,0.049915518200380024,-0.05221652203638977
203,1,1459,0.0,-0.7,1.0,-1.0,0.45352839866495775,-0.005614847588988273,0.07269010303304484,0.04998058830139294,-0.014350570165392438
204,1,1574,0.0,-0.6,1.0,-1.0,0.37207804511321263,-0.0012801280268942999,0.07412770185932127,0.04993847457831463,0.001997319282734744
205,1,1939,0.0,-0.5,1.0,-1.0,0.3609463528845989,-0.005130705534282182,0.0647194957570459,0.049919840995493375,-0.00681172098330003
206,1,2476,0.0,-0.4,1.0,-1.0,0.2975053363224632,-0.017081237038785734,0.04769994303575929,0.04998851056490569,-0.05235175992306838
207,1,2882,0.0,-0.3,1.0,-1.0,0.23020046818812365,0.007927466342600506,0.04817204494472433,0.049957857242717944,0.03425111716358922
208,1,4021,0.0,-0.2,1.0,-1.0,0.14095213949347504,-0.0037972841815003522,0.08729084539038427,0.049980692988234494,-0.009070039701603779
209,1,8054,0.0,-0.1,1.0,-1.0,0.08172502652718647,-0.002586346628817472,0.047882921346296924,0.04999234530553297,-0.005999805641396156
210,1,10001,0.0,0.0,1.0,-1.0,0.0,0.0,0.39775864253806814,0.2356690113230174,0.0
211,1,6307,0.0,0.1,1.0,-1.0,0.09600000000000028,0.02136937019543346,0.002828636196628277,0.049997723721697626,0.09570800149124155
212,1,3415,0.0,0.2,1.0,-1.0,0.18466666666666584,0.0411485027481139,0.0022457979422842336,0.04999993436440484,0.18423959188725164
213,1,2435,0.0,0.3,1.0,-1.0,0.26675000000000026,0.05946361343764156,0.001843287049724813,0.04999401059950299,0.26619638598382106
214,1,2648,0.0,0.4,1.0,-1.0,0.34400000000000075,0.0768422655689159,9.739984444083649e-05,0.0499973711063534,0.3436646179963097
215,1,2338,0.0,0.5,1.0,-1.0,0.4149999999999993,0.09271219595830883,4.6742832191745244e-05,0.04999744646199665,0.4146219648621953
216,1,1973,0.0,0.6,1.0,-1.0,0.4809999999999999,0.10744869892620967,6.341446553171963e-05,0.0499943175617711,0.48054169683823716
217,1,1929,0.0,0.7,1.0,-1.0,0.5430833333333331,0.12133505984781692,3.284285929722949e-05,0.049996529043961846,0.5426100183207968
218,1,1623,0.0,0.8,1.0,-1.0,0.6013333333333327,0.13432811678440681,6.617446858782076e-05,0.04999281568322223,0.6007533224224065
219,1,802,0.0,0.9,1.0,-1.0,0.6532499999999998,0.14499811168786422,0.00460364624868469,0.04998877462206033,0.6502670023784521
220,1,1266,0.1,-1.0,1.0,-1.0,0.5660299011228959,-0.018943301812316807,0.06925846737503484,0.049928457099713525,-0.053187231866489125
221,1,1424,0.1,-0.9,1.0,-1.0,0.5155598279174772,-0.013387047618607198,0.07126435509039764,0.04995539653271349,-0.05600132277116536
222,1,1605,0.1,-0.8,1.0,-1.0,0.43114424554061936,-0.010115060678517827,0.049925347025999815,0.04994649943956522,-0.03151954154695154
223,1,1823,0.1,-0.7,1.0,-1.0,0.3976969082173711,-0.0065518671474888305,0.08164645490239572,0.04996315811574797,-0.018120136790282924
224,1,2005,0.1,-0.6,1.0,-1.0,0.3352349173408536,-0.0027596274318308018,0.04795033568469316,0.04997713992452748,-0.0016753717449292849
225,1,2345,0.1,-0.5,1.0,-1.0,0.27775137160313224,-0.0049042761974931685,0.03359314493114408,0.04997789696043586,-0.011818066075025445
226,1,2931,0.1,-0.4,1.0,-1.0,0.202650001000862,0.004278680624171362,0.044279553119872334,0.04999007291568512,0.028786859789735133
227,1,4495,0.1,-0.3,1.0,-1.0,0.11459065456009862,0.0016806111525134921,0.03743896804700926,0.049996972412844724,0.010667112455675268
228,1,7696,0.1,-0.2,1.0,-1.0,0.08189695820377546,0.0021134261579262483,0.04617607386103096,0.04999318851109025,0.015354053384864775
229,1,10001,0.1,-0.1,1.0,-1.0,0.0,0.0,0.39775864253806814,0.2356690113230174,0.0
230,1,10001,0.1,0.0,1.0,-1.0,0.09419392674863301,-0.007214470389206933,0.5032559158665362,0.4866089800559839,-0.009735208163290994
231,1,10001,0.1,0.1,1.0,-1.0,0.002682055368403269,0.0003287012161258166,0.8062518106271931,0.5567787932682571,0.0004330021746845457
232,1,5512,0.1,0.2,1.0,-1.0,0.2934999999999999,0.06557372165891519,3.4492042326296983e-06,0.04999727868911179,0.2932518468924916
233,1,3425,0.1,0.3,1.0,-1.0,0.37533333333333324,0.08385654632614539,6.9323899695067555e-06,0.04999842522430745,0.3750040152349351
234,1,3054,0.1,0.4,1.0,-1.0,0.4529166666666663,0.10118913460072884,1.7355782947699595e-06,0.049996508892573906,0.45252025935591916
235,1,2622,0.1,0.5,1.0,-1.0,0.5229999999999997,0.1168533106035615,2.5049865949024636e-06,0.04999512347966311,0.5225469542307986
236,1,2229,0.1,0.6,1.0,-1.0,0.5903333333333333,0.13189425682978861,1.91568420931512e-06,0.049997593973558976,0.5898237600984467
237,1,1970,0.1,0.7,1.0,-1.0,0.6479999999999996,0.14477823750932153,9.50766288924945e-07,0.049995193916884034,0.647441519618595
238,1,1946,0.1,0.8,1.0,-1.0,0.708,0.158192494207103,3.51677681173541e-06,0.04999667769847954,0.7073909912133032
239,1,1786,0.1,0.9,1.0,-1.0,0.7616666666666662,0.17018381396563137,2.500676123815222e-06,0.04999710642075725,0.7610076856450009
240,1,1947,0.2,-1.0,1.0,-1.0,0.4220340508921667,-0.010691655805694528,0.03716789945903898,0.04999254201231265,-0.043977148171549636
241,1,2008,0.2,-0.9,1.0,-1.0,0.42870420011921245,-0.0036808725826678514,0.0638721012982464,0.04995376206165378,0.002246251763473636
242,1,1885,0.2,-0.8,1.0,-1.0,0.3923432116779086,-0.007582058684086004,0.06695963790652741,0.04997109547904441,-0.02879227521981076
243,1,2138,0.2,-0.7,1.0,-1.0,0.3261707349744016,-0.0025663672266785075,0.04592717359574009,0.04998908128006752,-0.0033077287917621517
244,1,2523,0.2,-0.6,1.0,-1.0,0.2852948511244176,-0.003986269924282587,0.0650195712602423,0.04995060905563795,-0.008924311598992546
245,1,3116,0.2,-0.5,1.0,-1.0,0.19490333799801665,-0.0028119682574821187,0.049091099196572306,0.04999262426993965,-0.010290963993251181
246,1,5050,0.2,-0.4,1.0,-1.0,0.11371324467954279,0.0002729224390943749,0.0415000760311899,0.049997474982298395,0.0029923109755448
247,1,10001,0.2,-0.3,1.0,-1.0,0.047201568378939227,-0.00012564687817980536,0.02724391860134488,0.053773354012326836,5.636607634611275e-05
248,1,10001,0.2,-0.2,1.0,-1.0,0.0,0.0,0.39775864253806814,0.2356690113230174,0.0
249,1,10001,0.2,-0.1,1.0,-1.0,0.09155641388269103,0.002731265962929675,0.5660064229278623,0.5107327348661427,0.00881856654021737
250,1,10001,0.2,0.0,1.0,-1.0,0.17945750625751486,-0.05069498178117136,0.45971358456474753,0.5420487834389527,-0.07208556581021687
251,1,10001,0.2,0.1,1.0,-1.0,0.27054265248207837,-0.008150591129360113,0.34028498305828025,0.5212359368583375,0.015054972481868954
252,1,10001,0.2,0.2,1.0,-1.0,0.0053641107368041716,0.0006568657017487406,0.8472918048172005,0.5550938088580996,0.000876577565955855
253,1,10001,0.2,0.3,1.0,-1.0,0.4954166666666671,0.11552073530683522,5.194384663044641e-05,0.05447383710838159,0.494926164814
254,1,3539,0.2,0.4,1.0,-1.0,0.5724999999999997,0.1279142212111137,3.363385331199054e-06,0.049998538887139156,0.5720087242006879
255,1,2747,0.2,0.5,1.0,-1.0,0.6428333333333335,0.14362473565279074,3.5487124404690913e-06,0.049996717858007286,0.6422758270008972
256,1,2572,0.2,0.6,1.0,-1.0,0.7080000000000006,0.1581952956479226,4.521319939389562e-06,0.049996948836357184,0.7073789165243568
257,1,2375,0.2,0.7,1.0,-1.0,0.7672499999999992,0.1714309373990112,1.5596982634257262e-06,0.049999870925326775,0.7665873965407087
258,1,2060,0.2,0.8,1.0,-1.0,0.8266666666666673,0.18470130763673193,5.744609246421187e-06,0.04999540172448388,0.8259557019486639
259,1,10001,0.2,0.9,1.0,-1.0,0.8790833333333332,0.19794950644214437,6.228022821975734e-06,0.05077961515752073,0.8782977349243675
260,1,2322,0.3,-1.0,1.0,-1.0,0.3263303846986068,-0.0010512826655415424,0.03875853585659481,0.04999044511833588,0.010433112483617984
261,1,2142,0.3,-0.9,1.0,-1.0,0.3290289024950264,-0.00601692914422497,0.027390882556066233,0.049984615479082735,-0.016633470981821916
262,1,2707,0.3,-0.8,1.0,-1.0,0.2669827931865053,-0.0048655479906527,0.03281073881724162,0.04999555220140582,-0.01557814841703687
263,1,2827,0.3,-0.7,1.0,-1.0,0.2583287728843545,0.00033052476132253915,0.07038152554073619,0.04998749356354202,0.004786275188230228
264,1,4382,0.3,-0.6,1.0,-1.0,0.1697154225447565,-0.0021644587727543763,0.02996661322694083,0.049977625671216025,-0.003938988782336493
265,1,5488,0.3,-0.5,1.0,-1.0,0.11379543149733275,-0.0010226524565645173,0.03248623806895459,0.04999686788080086,-0.0035384029468179677
266,1,10001,0.3,-0.4,1.0,-1.0,0.06412588570174009,-0.0007019757528852175,0.04418356320391806,0.05573588177010464,-0.002453234693701309
267,1,10001,0.3,-0.3,1.0,-1.0,0.0,0.0,0.39775864253806814,0.2356690113230174,0.0
268,1,10001,0.3,-0.2,1.0,-1.0,0.0897928096192216,0.00028641879247525223,0.5616103187233776,0.501465517506163,0.0027136964305501583
269,1,10001,0.3,-0.1,1.0,-1.0,0.17817582834782184,-0.007931541129207497,0.5689704435529072,0.5592105186795857,-0.005140962367986275
270,1,10001,0.3,0.0,1.0,-1.0,0.2639524519041743,-0.024023338974040676,0.28195012521707274,0.5993065536990132,-0.021917028816716932
271,1,10001,0.3,0.1,1.0,-1.0,0.36579273378623817,-0.00463929358070203,0.21906115496554862,0.5998806649920494,0.003979995745095016
272,1,10001,0.3,0.2,1.0,-1.0,0.45732461421360276,-0.029684211789061263,0.2928247486107789,0.5313901334547001,-0.0037520335151463337
273,1,10001,0.3,0.3,1.0,-1.0,0.008046166105207439,0.0009844648082705622,0.8946425918896564,0.5567674827691549,0.0012891899336693257
274,1,10001,0.3,0.4,1.0,-1.0,0.6964999999999993,0.20777082097007082,0.002680165227953421,0.08953675325172301,0.6947123049761531
275,1,10001,0.3,0.5,1.0,-1.0,0.7773333333333338,0.17554964857682204,6.998962795356595e-06,0.051080269266528776,0.7766540285818625
276,1,2918,0.3,0.6,1.0,-1.0,0.8399999999999997,0.1876818467522359,5.241111830760686e-06,0.04999703625556366,0.8392640892085673
277,1,10001,0.3,0.7,1.0,-1.0,0.8983333333333334,0.2026213243459347,5.784679860461414e-06,0.05094509928251914,0.8975364850887516
278,1,2527,0.3,0.8,1.0,-1.0,0.9551666666666669,0.21341810236708952,1.9762749730394525e-06,0.049998687604370894,0.9543328518379259
279,1,2021,0.3,0.9,1.0,-1.0,1.0059999999999998,0.22477813868444305,1.0747390560591454e-05,0.049996913061436325,1.0051267206932901
280,1,3180,0.4,-1.0,1.0,-1.0,0.3059169890436288,-0.005627087231385787,0.034652108325943426,0.049980381681604166,-0.020621978233391767
281,1,3305,0.4,-0.9,1.0,-1.0,0.280901650063448,-0.000505041569983714,0.04465947759450576,0.04999133448365988,-0.0032626837123715404
282,1,2884,0.4,-0.8,1.0,-1.0,0.2353525948861094,-0.005164039416370086,0.1143913546628688,0.04995576766607208,-0.03293105239261049
283,1,4519,0.4,-0.7,1.0,-1.0,0.15796102784205546,0.0021722037074821438,0.055003865962056926,0.04999026032859562,0.007757847768296277
284,1,6996,0.4,-0.6,1.0,-1.0,0.08484022727265454,-0.0018752490456091086,0.035963511288630776,0.049998774565877355,-0.007518283807320402
285,1,10001,0.4,-0.5,1.0,-1.0,0.06062144180934106,-0.00047375384187281966,0.09302750891624129,0.061412692126615535,-0.0008408590588863328
286,1,10001,0.4,-0.4,1.0,-1.0,0.0,0.0,0.39775864253806814,0.2356690113230174,0.0
287,1,10001,0.4,-0.3,1.0,-1.0,0.08801882875087977,0.00016267621955495194,0.6165833398272621,0.4856834193248551,0.00041631035782478996
288,1,10001,0.4,-0.2,1.0,-1.0,0.18134566875320302,-0.005643120416813731,0.5587218826722892,0.5534145563681292,-0.0054290730858017385
289,1,10001,0.4,-0.1,1.0,-1.0,0.2703303888007127,0.028476582865063674,0.41368422188212106,0.5866108818533173,0.04120034544299969
290,1,10001,0.4,0.0,1.0,-1.0,0.3632050848183253,-0.022426909556231323,0.40876222809321133,0.5857376024801673,-0.03276276393241267
291,1,10001,0.4,0.1,1.0,-1.0,0.45844309431330194,-0.09583081327142189,0.20436941528161298,0.6206353939063588,-0.12305366982084719
292,1,10001,0.4,0.2,1.0,-1.0,0.5485274476527695,-0.011247937598898037,0.20502826751205794,0.569350777086891,0.009396274843975727
293,1,10001,0.4,0.3,1.0,-1.0,0.6427631520201005,-0.1488176432187782,0.2950049994634606,0.47386129034515306,-0.15757074881346578
294,1,10001,0.4,0.4,1.0,-1.0,0.010728221473615449,0.0013115280839162003,0.9505363959459943,0.561914712119546,0.0016373814401857277
295,1,10001,0.4,0.5,1.0,-1.0,0.8955000000000004,0.34742751433377356,0.026339716343466185,0.15461626348601704,0.8868483035736595
296,1,10001,0.4,0.6,1.0,-1.0,0.9824999999999993,0.23577260152792587,1.749427821054056e-05,0.057670894986475964,0.9816565910119256
297,1,10001,0.4,0.7,1.0,-1.0,1.0431666666666677,0.23765544174529565,4.662397285840126e-06,0.051979527465012575,1.0422492611076617
298,1,10001,0.4,0.8,1.0,-1.0,1.0970000000000004,0.2500132167558647,5.492484136910497e-06,0.05201336234440507,1.0960187951091431
299,1,10001,0.4,0.9,1.0,-1.0,1.1439999999999995,0.25866199354476954,3.4568412471646813e-06,0.05119698779887487,1.1429822256926596
300,1,4964,0.5,-1.0,1.0,-1.0,0.21665993324741156,0.0005018754172303031,0.0564911454616408,0.04998965083332914,0.005466157260117041
301,1,4484,0.5,-0.9,1.0,-1.0,0.14737739349841492,-0.0011074010981683155,0.048856966402600455,0.04998957253029648,-0.0031783925450757284
302,1,8318,0.5,-0.8,1.0,-1.0,0.11946442041693844,0.003575102040637863,0.05338153047932501,0.04999532942438349,0.020479125415568046
303,1,8619,0.5,-0.7,1.0,-1.0,0.08531702306147633,-0.0005070747142575002,0.04750827843980545,0.04999914294778395,-0.0012243439981010032
304,1,10001,0.5,-0.6,1.0,-1.0,0.05931226888778145,-0.0007049768404571745,0.10553969390734314,0.0782179282380715,-0.002684234948738571
305,1,10001,0.5,-0.5,1.0,-1.0,0.0,0.0,0.39775864253806814,0.2356690113230174,0.0
306,1,10001,0.5,-0.4,1.0,-1.0,0.0882768743133581,0.0012094963344904271,0.7075540761457505,0.4603977287795168,0.0010986509088770275
307,1,10001,0.5,-0.3,1.0,-1.0,0.179560067049336,-0.001736916594178712,0.613308825746245,0.5397054466832196,-0.0012799805899417283
308,1,10001,0.5,-0.2,1.0,-1.0,0.27257062686474715,-0.0030594530343916555,0.6058765829182241,0.5749253229611138,-0.002256828046933198
309,1,10001,0.5,-0.1,1.0,-1.0,0.35736908309400106,-0.025773003041952052,0.34956199625013895,0.5987629988306878,-0.034433944918051795
310,1,10001,0.5,0.0,1.0,-1.0,0.452639793990757,0.01849600742450199,0.16546417940527822,0.6159361670879909,0.03154040317409386
311,1,10001,0.5,0.1,1.0,-1.0,0.5427857043872103,0.02436117681437503,0.2462175014971911,0.618606027834294,0.041799646428319494
312,1,10001,0.5,0.2,1.0,-1.0,0.6369629094015488,-0.012019818273429895,0.26475855260980236,0.5827736627468914,0.01572184039060502
313,1,10001,0.5,0.3,1.0,-1.0,0.7367423707750356,-0.08700114716403534,0.24055777258572011,0.575511855022417,-0.05888789494851939
314,1,10001,0.5,0.4,1.0,-1.0,0.7873395103784442,-0.21635510899174806,0.6537365516124849,0.45831652867597916,-0.24953061518146236
315,1,10001,0.5,0.5,1.0,-1.0,0.04337646912607937,-0.0003920398339409607,0.9767310451593694,0.5645567665296485,-0.0004882255488442407
316,1,10001,0.5,0.6,1.0,-1.0,1.0990833333333339,0.4919109587809465,0.014259095705020755,0.20237268599387015,1.09522164303194
317,1,10001,0.5,0.7,1.0,-1.0,1.1879999999999995,0.31605540636382434,6.0762522675246276e-05,0.07088768365674544,1.1869339672949826
318,1,10001,0.5,0.8,1.0,-1.0,1.2490833333333333,0.2944294393835588,1.1638131701042588e-05,0.05564363596428716,1.2479594632289563
319,1,10001,0.5,0.9,1.0,-1.0,1.2973333333333332,0.3018737306407835,1.0474827154206023e-05,0.05421783473040902,1.2961638392119093
320,1,8456,0.6,-1.0,1.0,-1.0,0.11952156844788167,0.0006482467470466271,0.04667070926833067,0.0499957420072959,0.002705787205744305
321,1,10001,0.6,-0.9,1.0,-1.0,0.09496691841477607,0.0011300681389231427,0.04840829023446894,0.05112260726921944,0.006267618923180523
322,1,8964,0.6,-0.8,1.0,-1.0,0.09572221914798039,0.0007103645007553483,0.061868940354313125,0.0499940864802467,0.0035985645560427603
323,1,10001,0.6,-0.7,1.0,-1.0,0.059033311739031744,-0.0005611906828166417,0.10974807093000169,0.08269196830184519,-0.0020482388585456937
324,1,10001,0.6,-0.6,1.0,-1.0,0.0,0.0,0.39775864253806814,0.2356690113230174,0.0
325,1,10001,0.6,-0.5,1.0,-1.0,0.08959324878974907,-0.0032385704654663565,0.6448702784001428,0.4364286902131687,-0.0046994939201296165
326,1,10001,0.6,-0.4,1.0,-1.0,0.1794006671086638,-0.004293990420266943,0.6591083143283474,0.5218371937300489,-0.0054547245493723785
327,1,10001,0.6,-0.3,1.0,-1.0,0.26494838616813804,-0.0071957519932794155,0.755358570883187,0.5525242404880111,-0.010999045263085145
328,1,10001,0.6,-0.2,1.0,-1.0,0.3582818078745442,-0.00504392126488867,0.5994964822439557,0.5682356836502767,-0.003054904379972582
329,1,10001,0.6,-0.1,1.0,-1.0,0.45516246882351163,0.0017553973924284965,0.2531203797191793,0.5966886300379876,0.007720064824128097
330,1,10001,0.6,0.0,1.0,-1.0,0.5267267286801869,-0.03420207960726959,0.20137935120987518,0.5998419519385321,-0.03349315384178605
331,1,10001,0.6,0.1,1.0,-1.0,0.621854151607881,0.03970967500697058,0.16986661084637866,0.5831572003332184,0.06551319147334249
332,1,10001,0.6,0.2,1.0,-1.0,0.7364683987535402,0.04492685088828527,0.21018491425219626,0.5916262345018891,0.09601017685683173
333,1,10001,0.6,0.3,1.0,-1.0,0.8325706608460913,-0.05836686300733087,0.2361898470194724,0.5890991267921687,-0.03461631774140331
334,1,10001,0.6,0.4,1.0,-1.0,0.884390321868856,-0.11265076830324229,0.5178088189915505,0.520081510567813,-0.03995260996339207
335,1,10001,0.6,0.5,1.0,-1.0,1.0546308957389987,-0.3526466038526014,0.788208870212877,0.28600979256769415,-0.5500923269405043
336,1,10001,0.6,0.6,1.0,-1.0,0.05205176295129511,-0.0004698637842825481,0.9766892900129317,0.5643780109651368,-0.00058780597365824
337,1,10001,0.6,0.7,1.0,-1.0,1.095187803515332,0.5622124366591948,0.15154125628909418,0.29658072767851673,1.0432390515788446
338,1,10001,0.6,0.8,1.0,-1.0,1.383666666666667,0.4313471513123443,0.005006979019880149,0.09821121764599088,1.3774125565996567
339,1,10001,0.6,0.9,1.0,-1.0,1.4575000000000002,0.3569041772636811,2.9655408347302607e-05,0.060050990401903794,1.4561694676268753
340,1,6759,0.7,-1.0,1.0,-1.0,0.14555329861433816,0.00035991349919440305,0.0553805091455384,0.04999834443449245,0.002096659873060482
341,1,7995,0.7,-0.9,1.0,-1.0,0.09872315377614509,-5.6519533996835915e-06,0.05802749215682872,0.0499941219909975,0.0007900756357511697
342,1,10001,0.7,-0.8,1.0,-1.0,0.059365392058693525,-0.00016509779679704903,0.13662634419021308,0.09884739974195655,-0.0004919123132520832
343,1,10001,0.7,-0.7,1.0,-1.0,0.0,0.0,0.39775864253806814,0.2356690113230174,0.0
344,1,10001,0.7,-0.6,1.0,-1.0,0.08995542730467898,-0.003632963704364274,0.650738328823369,0.4122989207874086,-0.005616724049884927
345,1,10001,0.7,-0.5,1.0,-1.0,0.18191372099732817,0.0017985250177205627,0.6495727070112552,0.5135764274267881,0.00614693141937723
346,1,10001,0.7,-0.4,1.0,-1.0,0.2693551057949232,-0.01611052819233016,0.7173437607178019,0.542440165305141,-0.016206563303096555
347,1,10001,0.7,-0.3,1.0,-1.0,0.3611133735401401,-0.023678439927955753,0.5305504495106693,0.5508841137293933,-0.028061945565465554
348,1,10001,0.7,-0.2,1.0,-1.0,0.4428266782626596,-0.0020853355220332042,0.7544480491292704,0.5700936946841324,-0.002829741763709114
349,1,10001,0.7,-0.1,1.0,-1.0,0.5288524581230893,-0.006412749636140888,0.5232320649311585,0.5796998783453978,-0.0015701061005281328
350,1,10001,0.7,0.0,1.0,-1.0,0.6293789886590959,-0.028560249575889873,0.23803547477466838,0.5868037597020719,-0.022190752129891887
351,1,10001,0.7,0.1,1.0,-1.0,0.7139786269363756,-0.024657793032800218,0.21012556825648698,0.6056193159611221,-0.014881045855874511
352,1,10001,0.7,0.2,1.0,-1.0,0.7924712373615406,0.02706672216768416,0.19047322522928303,0.5951297906606423,0.04988173909496257
353,1,10001,0.7,0.3,1.0,-1.0,0.904861479632853,-0.09098092826852593,0.16911351750710502,0.6026566816997331,-0.08989385798700239
354,1,10001,0.7,0.4,1.0,-1.0,1.030683380125292,0.06177004381771634,0.11397202537962833,0.5388856224151947,0.14323687992471804
355,1,10001,0.7,0.5,1.0,-1.0,1.1131765089566685,-0.13586773088765727,0.2985430864289095,0.4910079659993174,-0.06161999874684188
356,1,10001,0.7,0.6,1.0,-1.0,1.131180168024887,-0.5471835445196791,0.6626289026075134,0.3981713781005231,-0.9251623868382793
357,1,10001,0.7,0.7,1.0,-1.0,0.05983692115271258,0.00015973035228440257,0.9761628327977196,0.5643272043054453,0.00017638624789301693
358,1,10001,0.7,0.8,1.0,-1.0,1.5000000000000009,0.873016084981757,0.0728952296134411,0.3455973132424282,1.4929540460557122
359,1,10001,0.7,0.9,1.0,-1.0,1.5826666666666664,0.5533081066242336,0.01194284608342828,0.12438153455275006,1.5713822448539103
360,1,7859,0.8,-1.0,1.0,-1.0,0.10297564110122735,0.0006921631527765317,0.10681683802331675,0.049996776885371935,0.004644037630184328
361,1,10001,0.8,-0.9,1.0,-1.0,0.06204035742971355,-0.0004078288186224637,0.15687923668630765,0.0937720210017846,-0.001055067527230079
362,1,10001,0.8,-0.8,1.0,-1.0,0.0,0.0,0.39775864253806814,0.2356690113230174,0.0
363,1,10001,0.8,-0.7,1.0,-1.0,0.08873025985332438,-0.0015237596751945792,0.6638643456778504,0.4025891962072962,-0.0032111509528253796
364,1,10001,0.8,-0.6,1.0,-1.0,0.18050780714233142,-0.0039887977934175214,0.5604306202750468,0.49038240001225447,-0.003553963328945003
365,1,10001,0.8,-0.5,1.0,-1.0,0.2715096455160256,-0.014674766289041453,0.7132067255525492,0.5317473819453814,-0.016179189404672306
366,1,10001,0.8,-0.4,1.0,-1.0,0.3541445971872001,-0.0022740272749302644,0.7350113455576274,0.5469042998787476,-0.005441275223207424
367,1,10001,0.8,-0.3,1.0,-1.0,0.44204765150765013,-0.031760995415417444,0.808263651665309,0.5610808723698302,-0.03373327923708909
368,1,10001,0.8,-0.2,1.0,-1.0,0.5271434769957581,-0.00893847701706103,0.5640028589143317,0.5615371622256241,-0.01387586912744884
369,1,10001,0.8,-0.1,1.0,-1.0,0.6294869599151229,-0.021505176292017692,0.4577644071306721,0.573039756818926,-0.01998971312274016
370,1,10001,0.8,0.0,1.0,-1.0,0.7120369553498161,-0.016967994490280133,0.39426691244125656,0.5777701828459444,-0.010701224367061534
371,1,10001,0.8,0.1,1.0,-1.0,0.813924003858567,-0.026529432309580443,0.19064450375186642,0.5910203133523537,-0.01528279962902584
372,1,10001,0.8,0.2,1.0,-1.0,0.9028089812352579,-0.029054119105541357,0.22090314050277315,0.5842184086245372,-0.01956753267992182
373,1,10001,0.8,0.3,1.0,-1.0,0.9916370192646218,-0.07536519556428012,0.1949286480554574,0.6085049773600284,-0.06241189525137083
374,1,10001,0.8,0.4,1.0,-1.0,1.1096174740200606,-0.05376928382275208,0.31917018585051776,0.5948673719961426,0.022033067388238882
375,1,10001,0.8,0.5,1.0,-1.0,1.1644254741224307,-0.10630194583586754,0.1572574105451035,0.5694869338358418,-0.0541925826198692
376,1,10001,0.8,0.6,1.0,-1.0,1.2981247649237475,-0.28637018532001834,0.38225214211176384,0.4785457476541681,-0.26374598044950176
377,1,10001,0.8,0.7,1.0,-1.0,1.4214667138148553,-0.7004722005709355,0.7138888306537061,0.32750738422462156,-1.309918732511875
378,1,10001,0.8,0.8,1.0,-1.0,0.06940235060172417,-0.0006252705187609638,0.9758156808963533,0.5642554814995622,-0.0007890454384172569
379,1,10001,0.8,0.9,1.0,-1.0,1.6869988227357862,1.0920206617642167,0.09517614319517849,0.43309001065939745,1.6688133172225492
380,1,10001,0.9,-1.0,1.0,-1.0,0.06198614461491311,-0.0011404982403553517,0.23201638276579456,0.12445941682972411,-0.0029232767302703115
381,1,10001,0.9,-0.9,1.0,-1.0,0.0,0.0,0.39775864253806814,0.2356690113230174,0.0
382,1,10001,0.9,-0.8,1.0,-1.0,0.08981039669402312,-0.00027480336672618566,0.6735994698021633,0.37673917159578396,-0.00020142794713405126
383,1,10001,0.9,-0.7,1.0,-1.0,0.18202509119352897,-0.002251259365038618,0.5382318296910512,0.4688835812901661,-0.0032087395148243155
384,1,10001,0.9,-0.6,1.0,-1.0,0.2698749944904603,-0.0018492986255352617,0.6370859426931986,0.5188182615087082,-0.00011847811235034852
385,1,10001,0.9,-0.5,1.0,-1.0,0.363219465312943,0.010836066759643864,0.6123405779778865,0.5346858553551862,0.019445423639079515
386,1,10001,0.9,-0.4,1.0,-1.0,0.45438069394809766,-0.0028851786803123923,0.7258213704807553,0.5479410950895298,0.0006670896802825261
387,1,10001,0.9,-0.3,1.0,-1.0,0.5347395460086375,0.008621059025690872,0.5655684707746305,0.5658802563066029,0.013486484019490326
388,1,10001,0.9,-0.2,1.0,-1.0,0.6337180404975559,-0.010861241610661017,0.6190427876509248,0.556813970544295,0.000973023486764937
389,1,10001,0.9,-0.1,1.0,-1.0,0.7200432763415602,-0.040045800441976684,0.2620217486220978,0.5795217083987314,-0.04099714764365634
390,1,10001,0.9,0.0,1.0,-1.0,0.7842280588473842,-0.020960169043348978,0.4389500941088884,0.5784895324601201,-0.014390378203841238
391,1,10001,0.9,0.1,1.0,-1.0,0.8932063944033488,-0.028548482917278076,0.19271715874921558,0.5753868590277429,-0.01729548795546807
392,1,10001,0.9,0.2,1.0,-1.0,1.0065904258837153,-0.06456344735194758,0.23991763508515368,0.5997463310284337,-0.05247026560477955
393,1,10001,0.9,0.3,1.0,-1.0,1.101064159439789,-0.049582044327981564,0.19276717789867714,0.6053620321453447,-0.02192040140088511
394,1,10001,0.9,0.4,1.0,-1.0,1.174684132741448,-0.01667292436995781,0.17526782197782256,0.5701546715915579,0.017805601130166434
395,1,10001,0.9,0.5,1.0,-1.0,1.268897220455199,-0.07255969946540891,0.1170794091801568,0.5797747732193784,-0.03163054628191678
396,1,10001,0.9,0.6,1.0,-1.0,1.3844187406530752,-0.11549596173920965,0.23977850933979145,0.522949893433424,-0.019422891436571842
397,1,10001,0.9,0.7,1.0,-1.0,1.395399981837384,-0.24986221137758727,0.6373770855743819,0.4691028530751721,-0.14069831284700263
398,1,10001,0.9,0.8,1.0,-1.0,1.6670409949804426,-0.9731841610115143,0.32485555702680274,0.38037826423692683,-1.6134900527328904
399,1,10001,0.9,0.9,1.0,-1.0,0.0769331843391997,0.00020490881962150436,0.9748990568528098,0.5642298515221775,0.00022050114197203264
