0.9229708877147025, -0.03202977024753268, 0.0008348640544236202, 0.0013352898192841248, -0.8866705518273648, 1.0
0.6987275285425083, -0.004183032045581111, 0.006481520457805593, 0.00152284490782159, -0.11967391598287737, 1.0
0.3211000000000006, 0.054605539165565445, 4.490955971408958e-06, 0.029403355647390716, 0.3184649348808795, 1.0
0.44252, 0.1115751569717975, 4.820070795939461e-06, 0.06424552962170035, 0.44023370592330535, 1.0
0.9221481398863801, 0.005434697569574825, 0.0016418312781983347, 0.0006971156707763251, 0.12991482783826452, 1.0
0.5440870005129215, 0.002947157518622894, 0.0009683136303132397, 0.00046138863051570775, 0.10343799343161442, 1.0
0.16691999999999968, -0.0015031940581897924, 0.0971393642464955, 0.03866079955367502, -0.006638185473047975, 1.0
0.6858799999999996, -0.09606208367184953, 0.12001790601277204, 0.08029598040519538, -0.2901240583345144, 0.0
0.1299999999999996, -0.0002376209698968368, 0.02400146583829921, 0.02814591885714332, -0.0021310011091151037, 1.0
0.8756799999999987, 0.12060488391167544, 0.012068972833817755, 0.020248608645821547, 0.8597248318683482, 1.0
0.9990499999999995, 0.021677977324851785, 0.16846153759907345, 0.10352280630316002, 0.058983035591801805, 0.0
0.5396834089708284, -0.006408500641554547, 0.001853228160397493, 0.0006659430829271788, -0.20226639680108718, 1.0
0.6724900000000011, -0.05491422703173181, 0.0002751907656442408, 0.006905426848317715, -0.6613328734192798, 1.0
1.1699999999999986, -0.1399340545381487, 9.91462368995666e-05, 0.014502979874168528, -1.1621547163366042, 1.0
1.2155000000000007, -0.005286572949671314, 0.3946693906375195, 0.20631728105188035, 0.05595028628904197, 0.0
0.21268000000000145, 0.03318207904114479, 2.5590527568281393e-05, 0.024545254010834024, 0.21180193250186152, 1.0
0.42183085335200765, -0.0003218663606972048, 0.001138635613131682, 0.00043659030946523956, -0.020754717715341098, 1.0
0.08762000000000357, 0.010097636257752998, 0.00017061554948831972, 0.013661683589368517, 0.08641836562413899, 1.0
0.818479999999999, 0.020075576039561813, 0.034517152425224726, 0.1297110772421971, 0.007370328885871946, 1.0
1.1317799999999998, -0.04811617646832323, 0.18737228787587534, 0.0867502524894892, -0.14002163150994643, 0.0
0.19539944065086626, -0.0007859148826417252, 0.0033057895048254184, 0.001050776879786649, -0.01656226050105281, 1.0
1.0855000000000004, 0.13139239703887629, 0.00010363272767717881, 0.014898407336968284, 1.0770506974845346, 1.0
0.2689549458723459, -0.0008627974571623302, 0.0011488755577984762, 0.0004860555391610333, -0.0204709964818994, 1.0
0.7890999999999978, -0.30471764062473194, 0.0002922585967630787, 0.1519235108145942, -0.7817034436407204, 0.0
0.7396013116645546, 0.004577046039852418, 0.0025629212566192017, 0.0007366567383946908, 0.12981498808431832, 1.0
1.1169599999999995, 0.01100971644274704, 0.15585154673661936, 0.06836037175241398, 0.043546684623702724, 0.0
1.0518299999999998, 0.15093889651117198, 3.2175176197809574e-05, 0.020785783573548475, 1.0470915948384774, 1.0
1.058979999999999, -0.0385817129278541, 0.020148440756939067, 0.1275921390681288, -0.08017034957831391, 1.0
1.0275199999999998, 0.051040970478649667, 0.26104249209287317, 0.10188625104663218, 0.1261381691497459, 1.0
1.0220600000000006, 0.11660604176168336, 0.09826368410753972, 0.03250964897585052, 0.4781270076157292, 1.0
0.9999599999999996, 0.009917036451254725, 0.15790801565490742, 0.09357687694414889, 0.0029591352935052963, 0.0
0.8572199999999992, -0.00603389711882275, 0.16496744326724927, 0.09816909774377719, -0.00994182355787523, 0.0
0.8715199999999979, -0.3382652189650049, 0.00011340579888528792, 0.15204763563287968, -0.8673352404642191, 0.0
0.7477266745038006, 0.0036154097751098136, 0.003185476773988517, 0.0011339629275059183, 0.07583539462005566, 1.0
0.6676363560129017, 0.009509911220770117, 0.0014718415823967534, 0.0006305520443148791, 0.33144527289410525, 1.0
0.33201999999999965, 0.04937920356918811, 2.623962327396314e-06, 0.02226032259376016, 0.3309913164277065, 1.0
0.6470100000000008, -0.08804027763553596, 1.4505249520194146e-05, 0.018639682592998398, -0.6450075989035592, 1.0
0.36595000000000183, 0.10174608567490985, 2.9716808048521603e-05, 0.07930685876220678, 0.3612578202088966, 1.0
0.7188999999999988, -0.2723562997202998, 1.0855202199982357e-05, 0.14467578218354432, -0.7159817440544974, 0.0
0.5340400000000004, 0.0027903432469569955, 0.15469068357015947, 0.08210320575977122, 0.00495093070245812, 0.0
1.0973300000000012, 0.3017342700049472, 3.653633766930355e-05, 0.07622801793743557, 1.0928649315331826, 1.0
0.600031501688826, -0.011730457615626124, 0.001272352858379145, 0.0005293938694318026, -0.45365196609442954, 1.0
1.107730000000001, 0.31205027032746374, 1.8458166116145015e-05, 0.08051367189878018, 1.0997829492953628, 1.0
0.22750000000000015, -0.0349041713499656, 8.153300283782086e-06, 0.02387213603691707, -0.22593017279281236, 1.0
0.48168636690253225, 0.002099682405383892, 0.001352196749072694, 0.000562188826217654, 0.0656070560234159, 1.0
0.3398199999999995, -0.07638143407054476, 5.4802832253586e-06, 0.05115005325435983, -0.3377021744696161, 1.0
0.6286799999999988, -0.034294892333406414, 0.27824469371520305, 0.12581880208118124, -0.11867869383187488, 0.0
0.48294999999999955, -0.00738436975923223, 0.015408813449063242, 0.017316932440406607, -0.0347453299937107, 1.0
1.1299599999999999, -0.09933184883115706, 0.43263237231389745, 0.1512375474749081, -0.17562613492191353, 0.0
0.896479999999999, -0.0786371704542752, 4.207713380996295e-05, 0.007832001468279804, -0.8894155688645781, 1.0
0.6432400000000003, 0.09911757865604301, 6.394106999268556e-06, 0.02389630342809622, 0.6413032083316378, 1.0
1.099799999999999, 0.011062109232007424, 0.17409593556420233, 0.09252594315542542, 0.01982823795221651, 0.0
0.8621600000000008, -0.10167742111642208, 5.062588415525277e-05, 0.01405465898152661, -0.8581160650129224, 1.0
1.1700000000000006, -0.12486469705651995, 0.00012601407832712165, 0.01159401668336599, -1.159897243098719, 1.0
1.0077599999999995, -0.024910862947588982, 0.10746645959988911, 0.11031809610387175, 0.004511780094530171, 1.0
0.6858799999999996, -0.09606208367184953, 0.12001790601277204, 0.08029598040519538, -0.2901240583345144, 0.0
0.3260399999999992, 0.05744406351288009, 4.684375873018808e-06, 0.03141866007680309, 0.32401910461397465, 1.0
1.1200800000000002, 0.0375501167790434, 0.5297322269080919, 0.18004614377839318, 0.09428352990508893, 0.0
0.7641400000000002, 0.10187718382773774, 2.532539813180969e-05, 0.018061515795697397, 0.7583789115687719, 1.0
0.33904000000000095, 0.0657209688195452, 2.656072312596895e-05, 0.03798703418897361, 0.3371005871260473, 1.0
0.9125999999999993, -0.13781056373971462, 0.27464190978969255, 0.065610953353948, -0.4436534298271221, 0.0
1.2297999999999978, -0.7665095230410958, 7.87434104237438, 1.9223640741932704, -0.775649786061718, 0.0
1.0537799999999986, 0.15190452132118837, 8.681439948826402e-05, 0.0210241767294549, 1.0478933083821338, 1.0
0.7188999999999992, -0.2721485929788091, 1.7332925448038877e-05, 0.1443818447398433, -0.7161263601087188, 0.0
1.17, -0.3049379595085501, 0.06745678469619788, 0.12897544535313632, -0.7666732916137494, 0.0
0.43469118919988053, -0.0024548591979369743, 0.00152617297994614, 0.0005661204264138047, -0.07653235743482545, 1.0
1.0939499999999998, -0.001621407943649157, 0.44524163653973575, 0.18371666680252063, 0.03117925217993334, 0.0
1.153360000000001, 0.33157630913554775, 5.557446537788095e-05, 0.08324334566149344, 1.1492125684507253, 1.0
0.8020999999999997, -0.20446665603175618, 0.033695234504250215, 0.1419231598728601, -0.5126404795276289, 0.0
0.5972200000000012, 0.003214005493525936, 0.07621399268766266, 0.052017794094531805, -0.0064827992619010035, 1.0
1.2239500000000003, 0.3210941153183711, 3.33959529880221e-05, 0.06942252791374669, 1.2186460876968181, 1.0
0.4399199999999992, -0.11274656038737332, 1.228724035558791e-05, 0.06632053478370177, -0.43772483697805953, 1.0
1.1372399999999998, 0.023067048888277264, 0.2518588434172117, 0.11956542643980546, 0.05473767126862024, 0.0
0.5491199999999994, -0.026102747155569733, 0.09027388722798509, 0.050674858277092165, -0.0706289468430171, 1.0
0.349699999999998, 0.10173621178414409, 0.0010626917362550248, 0.08700298620799654, 0.34502406807187846, 1.0
0.647010000000001, 0.24999558220154053, 0.00031614133108319876, 0.15156578888228955, 0.6419904479029873, 0.0
0.420545457317642, -0.0022311481133215367, 0.0010026294963814382, 0.0004425483420386848, -0.0792696150817461, 1.0
0.8427799129922782, 0.014065612746245031, 0.003562962497969375, 0.000968888495807002, 0.3866718938158618, 1.0
1.0246600000000003, 0.18744903237540392, 0.0002663964255165441, 0.034063677697241765, 1.0157764875436868, 1.0
1.1335999999999995, -0.09375310405165323, 0.32400874631383947, 0.1416865583695166, -0.2012687953213136, 0.0
0.48853999999999936, -0.13179715793478164, 8.842900624851934e-06, 0.07353692602751963, -0.4859906193560574, 1.0
0.9987900000000002, 0.10688005026752875, 9.015137666053186e-05, 0.011728660164468687, 0.9878206241405825, 1.0
0.8263754210697917, -0.025663333066630087, 0.0007749537882407071, 0.001134600347297882, -0.776915932080803, 1.0
0.9933559838870327, -0.03625839620649627, 0.0008564353342467579, 0.0014306659976379118, -0.9720154608445712, 1.0
1.104219999999999, 0.21355039626167696, 0.0005062908575414815, 0.03805256284202897, 1.0951445503498198, 1.0
1.2998969957509123, -0.2913119416906776, 0.05547599951634145, 0.13850579785408232, -0.7155106270026735, 1.0
1.010619999999998, -0.39065237431868594, 0.0006322746665415722, 0.15222522929784385, -1.001167768293014, 0.0
0.3983200000000002, -0.045925557621374236, 0.02924900001627378, 0.04120471478547537, -0.18046547162590798, 0.0
0.8761999999999998, -0.19891590808657317, 0.46444202185541816, 0.21790183665712162, -0.31447532394491445, 0.0
0.590200000000001, -0.0007915089815276883, 0.1553721794964957, 0.0950357081707588, 0.004309831368399188, 0.0
0.5545800000000005, -0.0031315217575962617, 0.050438199198049774, 0.01948748188585586, -0.03130266271460566, 1.0
0.6499999999999981, -0.15911808074738143, 3.0555735692730523e-06, 0.06005830198382717, -0.6492898549177739, 1.0
0.7640100000000005, -0.06807466213920244, 0.1355961836637787, 0.09122215543785211, -0.21917271442213726, 1.0
1.17, 0.16089867955825848, 0.001264375277340583, 0.01945255718373564, 1.1551824036944196, 1.0
1.0518299999999998, 0.15093889651117198, 3.2175176197809574e-05, 0.020785783573548475, 1.0470915948384774, 1.0
1.3, 0.06935802460526673, 0.6922880903009812, 0.2137758067837397, 0.0008908579812933683, 0.0
1.1177399999999997, 0.029157968519355117, 0.20381198249741175, 0.10728073006541174, 0.0644323122893891, 0.0
0.0, 0.0, 0.00886709730762314, 0.002771880201999998, 0.0, 1.0
0.5423600000000003, 0.0028731448418872502, 0.056607485766681044, 0.03276425773425766, 0.009669889258246371, 1.0
0.9703283277426793, -0.013972172557407857, 0.0025693537599515135, 0.0008585397430431789, -0.32886301604005724, 1.0
1.2495793707337732, -0.05738244936407056, 0.19681960339823779, 0.10661588083063277, -0.12590823891814498, 1.0
0.20305999999999838, -0.03422614708636652, 1.4017167166311187e-05, 0.029066571769221186, -0.20076854514670578, 1.0
1.2258999999999989, -0.044541495687445185, 0.21017297639691024, 0.11507736616236315, -0.12403595496342033, 0.0
0.11096851947807888, -0.00026729479886365806, 0.0009093066268246658, 0.0003548736697197126, -0.015694875271613715, 1.0
0.9514699999999994, -0.3692144932257723, 0.00023651108582114946, 0.15230701888904552, -0.9458814782680354, 0.0
0.6275099999999975, -0.2157808516737453, 4.530138755644668e-05, 0.1199574098621996, -0.6229989646551449, 1.0
0.8670999999999986, -0.02383696438001106, 0.24109239086143205, 0.10960671847363045, -0.0712834686850609, 0.0
0.28555207408740757, -0.0031588184944067507, 0.0012365230706553507, 0.00047247207669479444, -0.1250485859804008, 1.0
0.5884678187350135, -0.009744672490770179, 0.002798252033776123, 0.00136730065732874, -0.20397476821528798, 1.0
0.7587074797873568, -0.010591646340805392, 0.0022255303598871516, 0.0009463323839093186, -0.24590551507007016, 1.0
1.1005799999999994, -0.11832452430805843, 0.0001724661505534463, 0.01185879699904261, -1.0869498415598706, 1.0
1.1699999999999986, -0.45343235932208065, 0.0002180412240874071, 0.15160161133488512, -1.1645844196845412, 0.0
0.6245199999999999, 0.11924050356377221, 0.050266116747394965, 0.043114655551722045, 0.5958626006972861, 1.0
0.7253999999999999, -0.19752603744345976, 1.8328093944114029e-06, 0.07428120364305363, -0.72475152434805, 1.0
0.493632993045969, -0.054785038668098904, 0.061927382030039065, 0.019889991487420232, -0.3832914075951829, 1.0
1.15336, -0.42994309297042976, 1.455162236965353e-05, 0.13969650814516663, -1.150352091083608, 0.0
1.096289999999999, -0.005421427156170575, 0.5247796577981606, 0.18902883641955273, 0.11257382449203923, 0.0
0.5639400000000001, 0.1111343209968692, 6.814828392177772e-05, 0.039269553558301404, 0.5606914892766148, 1.0
1.2368199999999987, -0.08537880501481557, 0.0012325029521542774, 0.00500244653569391, -1.2160335053371143, 1.0
0.6097000000000006, -0.0028186922183326135, 0.1918891685608986, 0.0943136320466282, -0.007877389312615685, 0.0
0.9125999999999993, -0.13781056373971462, 0.27464190978969255, 0.065610953353948, -0.4436534298271221, 0.0
0.7188999999999992, -0.2721485929788091, 1.7332925448038877e-05, 0.1443818447398433, -0.7161263601087188, 0.0
0.575119999999999, -0.18898390245823596, 9.641413182957747e-06, 0.10894951101562805, -0.5724641270200359, 1.0
1.1143599999999971, -0.1723625894082513, 0.28425137233522924, 0.07145777667740548, -0.4966398197787471, 0.0
1.2272, -0.032418934092462826, 0.36603962839742465, 0.18688246038913903, -0.04314765904574177, 0.0
0.8673600000000009, -0.10799183311463607, 0.35055229830602785, 0.1341335803326358, -0.25767876492813874, 0.0
0.6493500000000018, -0.2279034605754597, 1.8064612185644417e-05, 0.12419440895493729, -0.6466258103354356, 1.0
1.2333100000000008, -0.44152139537897384, 3.0496482601654447e-05, 0.12856343231499204, -1.2313904785233825, 1.0
1.0807730111826195, 0.013626216010841647, 0.004163407929594174, 0.001062544494707031, 0.2944260524543241, 1.0
1.2893399999999988, -0.037305965225425855, 0.21995697020803373, 0.10485654014840719, -0.0735871472086234, 0.0
0.889200000000001, -0.34271100001518007, 0.0007251225783844982, 0.1517541473853619, -0.8795920263110066, 0.0
0.42743999999999877, -0.10722609519010654, 2.5943190989924436e-05, 0.0636784422419604, -0.424805649576252, 1.0
0.6286799999999988, -0.034294892333406414, 0.27824469371520305, 0.12581880208118124, -0.11867869383187488, 0.0
0.647010000000001, 0.24999558220154053, 0.00031614133108319876, 0.15156578888228955, 0.6419904479029873, 0.0
0.18338893192754052, -0.0007466798027798996, 0.0006785226930129699, 0.0003545900993528156, -0.03361613868000215, 1.0
0.9523800000000006, -0.2829643495331238, 0.0015291186398864703, 0.0888563254249187, -0.9497241108214421, 1.0
0.9474399999999986, -0.08281886000715655, 0.30662169144778656, 0.1585410103740204, -0.18527376469774484, 0.0
0.8937499999999994, -0.02630871230646449, 0.1902616682194415, 0.0854374733291038, -0.09828201448215125, 0.0
0.9384700000000007, 0.0026422095234674937, 0.016261989997850414, 0.13485895283412017, 0.025609356458585003, 1.0
1.2464400000000018, 0.21690805847779468, 0.11257260655935579, 0.0477514437986681, 1.0348561673231127, 1.0
1.0071495488947977, -0.03987383486619941, 0.000523011558460182, 0.001649978879610397, -0.9904975597691805, 1.0
0.4628000000000016, -0.110151495790409, 1.4641030906822675e-05, 0.056924352784458836, -0.46159452909104637, 1.0
1.017013224534051, -0.057221314292261335, 0.0005667660918398863, 0.0032727211796470205, -1.004723837484445, 1.0
1.2998969957509123, -0.2913119416906776, 0.05547599951634145, 0.13850579785408232, -0.7155106270026735, 1.0
1.1794900000000001, -0.30243683594777576, 0.7917707356752537, 0.20368375338469552, -0.5509889715483702, 1.0
1.251770000000001, -0.026729397190529677, 0.21331180919671047, 0.10615872040722954, -0.051501986378934765, 0.0
0.8499399999999936, -0.0032226065120297145, 0.16535413113244224, 0.18885302681539085, 0.046662347273399865, 0.0
1.2572300000000027, -0.06869276630767428, 0.47424663628153235, 0.23047452529625898, -0.15311043529385768, 0.0
0.7884499999999983, -0.30441774274714717, 0.0003146024205951226, 0.15194048982270986, -0.780887208696608, 0.0
1.1699999999999995, -0.1355986008844063, 7.845272257011704e-05, 0.013628820884265237, -1.1616658527875403, 1.0
1.1999000000000002, 0.07647231961436582, 0.14879397361286734, 0.09950615543846932, 0.10698720681166743, 1.0
1.0547991017325824, 0.016956470337067677, 0.0022544408282831564, 0.0009349883847757675, 0.4108694104267021, 1.0
1.2390299999999983, 0.11029847640038044, 0.6671648273840795, 0.7786038706044274, 0.22020110646308053, 0.0
0.9314499999999998, -0.27977629706891327, 2.4503800394376827e-05, 0.09071371139891948, -0.9289741417981842, 1.0
1.299999999999999, -0.223450496122936, 0.23619022555181535, 0.09546473264994189, -0.5619221306366466, 0.0
0.8371999999999996, -0.2520421623855307, 2.209412534334832e-06, 0.09093582104541209, -0.8357953908372686, 1.0
1.2010286971956616, -0.08560112054525229, 0.012880193231770955, 0.1319688771028018, -0.17111105573550653, 1.0
0.6354400000000002, 0.24471991872242882, 0.00038871147316672127, 0.15130389526177496, 0.6289635816452506, 0.0
0.5730399999999987, 0.21565976021833871, 1.100961129584327e-05, 0.14413960677723256, 0.5679321923565437, 0.0
1.2001939949836216, -0.11189474034177595, 0.01797846665552723, 0.13279758308800196, -0.245961399720327, 0.0
1.112800000000001, -0.15341898794909234, 0.22607106311947647, 0.04306419250484194, -0.8193750629257355, 0.0
1.2202175145540992, -0.07624057873973371, 0.0009434441168954665, 0.00403430607111378, -1.2056762290473144, 1.0
1.02622, -0.007571801376813766, 0.012517085074415122, 0.11434058417609176, 0.010085525963012683, 0.0
0.47840000000000066, 0.10277987233413872, 2.0370231036156315e-05, 0.04678023196950121, 0.47515787281250854, 1.0
1.2639900000000006, -0.49147068900400503, 0.00017988846451349826, 0.15223513895711244, -1.259612221435386, 0.0
1.2001939949836216, -0.11189474034177595, 0.01797846665552723, 0.13279758308800196, -0.245961399720327, 0.0
1.237600000000001, -0.032195891442814525, 0.2199962773921681, 0.10613488472975387, -0.05947010867804506, 0.0
1.1287897912986689, 0.009925957030606808, 0.002050842094658783, 0.0009640984791142135, 0.19890301637262223, 1.0
1.2327899999999996, -0.44703456460302454, 3.1649591321880534e-05, 0.1318937668727943, -1.2309268924272938, 0.0
0.6190599999999984, 0.23340621060490033, 0.00016014428355129982, 0.14398529335796545, 0.6151136865493002, 0.0
1.1700000000000004, -0.1320566610638953, 0.00021804332281818943, 0.013084511163678392, -1.1548528158736087, 1.0
0.9161229011773651, -0.26949856935861743, 0.013012623971030077, 0.14567109061532782, -0.6848883746551877, 0.0
1.0652200000000007, -0.27856688494088244, 2.263620574073309e-05, 0.06863588021454045, -1.0633330849731992, 1.0
1.2875448840100774, -0.06620921647585595, 0.0007074478040849681, 0.002754253546328988, -1.2693308401176564, 1.0
0.994240000000001, -0.14205998967460481, 0.18614480354003127, 0.03966847566515864, -0.8054675687270089, 0.0
1.0548199999999996, -0.40229723535321077, 1.603523118448872e-05, 0.1465696108700648, -1.0508052536243229, 0.0
0.5266300000000017, -0.12555024185235902, 5.216544356886393e-06, 0.05710343256175999, -0.5253931940058388, 1.0
0.5409300000000031, -0.1351584558418605, 6.438740286915465e-06, 0.06324029200776123, -0.5375051137592567, 1.0
0.9406799999999993, -0.36469850259694114, 0.0003356764005376296, 0.15226775278685056, -0.9344756790909636, 0.0
1.0051599999999976, -0.3881427809949781, 0.000919116449379259, 0.15224497293378178, -0.9945488682991553, 0.0
1.2249283428755737, -0.0763062631180428, 0.002234608294851824, 0.004158085998852041, -1.2005247388857168, 1.0
0.9388600000000004, -0.01083638400248162, 0.038527799033391805, 0.1263881572345178, -0.007094200682888599, 0.0
1.2266800000000004, -0.03654803268345755, 0.37971443661773974, 0.08697734584708687, -0.12533182416604471, 0.0
1.0531700555343513, 0.013603583043997019, 0.00210679585945051, 0.0006843359070248532, 0.3677210512348526, 1.0
0.7800000000000002, -0.16698008970303913, 1.3058330626660343e-05, 0.046049546560244695, -0.778142230780525, 1.0
1.3000000000000005, -0.05306654566828307, 0.07915085635834561, 0.13241589236290682, -0.11622110104799128, 1.0
1.1736400000000002, -0.04710573084710542, 0.09743149472613764, 0.09669671472122138, -0.08257698457045899, 1.0
0.8236800000000005, -0.3088999705073555, 0.00011209280876656304, 0.14883618791850978, -0.8002084588457754, 0.0
0.889200000000001, -0.34271100001518007, 0.0007251225783844982, 0.1517541473853619, -0.8795920263110066, 0.0
1.1699999999999955, -0.4545032167725271, 0.00014194933975351633, 0.1519805846082752, -1.1658695742880538, 0.0
0.6399899999999995, 0.24645376859441345, 0.0002389970887248233, 0.15151031204106777, 0.6330112108512842, 0.0
1.1018800000000015, -0.42528560575494495, 0.000671782923930136, 0.15187501328336128, -1.091224725745557, 0.0
1.2617799999999992, -0.10136155168398268, 0.0012643029715128109, 0.006654391870580368, -1.2493223479289999, 1.0
1.0956399999999997, -0.35582587677981226, 1.2533869310525706e-05, 0.10602014728437906, -1.0928499209062792, 1.0
0.23243999999999873, -0.03393894790459279, 1.1369339437139497e-05, 0.02165090592843807, -0.23066980246555385, 1.0
1.1768868456503732, -0.030403775929604623, 0.011478127071561458, 0.13043468447147735, -0.05200497918858507, 1.0
1.2184900000000007, -0.324335760576256, 2.777251894868574e-05, 0.07118899379167519, -1.2155940422379035, 1.0
1.1454299999999993, -0.15424378098548938, 0.1380157087864524, 0.14654028226876398, -0.24377174767343882, 0.0
0.8719100000000006, -0.03275743809537295, 0.06487491736186658, 0.11824825434457864, -0.03151203886369003, 0.0
1.2999999999999992, -0.09645176398238281, 0.0014908558742602505, 0.005656284410875476, -1.2905464650681666, 1.0
0.6458399999999992, 0.2495057705251739, 8.481902984864716e-05, 0.15139359330084143, 0.6411150837505113, 0.0
1.1845600000000003, -0.3071421058596277, 3.6921469529201836e-05, 0.06771774456126028, -1.1803561121577888, 1.0
0.7040800000000011, 0.118796552803386, 0.006172713498005438, 0.029562987991679175, 0.6938745600133823, 1.0
0.9437999999999976, -0.3064346861404845, 1.9892690739462642e-06, 0.10563140536232238, -0.9428712827988835, 1.0
0.46227999999999886, -0.09852494751875522, 1.2390889348441572e-05, 0.04596818113491385, -0.45957896660378705, 1.0
0.30341999999999936, -0.04148685587815511, 3.082890415905344e-06, 0.018806576639098994, -0.3025486271094152, 1.0
0.7539999999999997, 0.14487676037892674, 0.11193877392070592, 0.12359954073214276, 0.3507463904281365, 0.0
0.9925500000000008, -0.03594417221060923, 0.18150841328766937, 0.13067367619285825, -0.04697920038357507, 1.0
1.0358611748877957, 0.013587103224702145, 0.0021590413805053664, 0.0008672205050284549, 0.26652629354608903, 1.0
1.3000000000000034, -0.4973022736572563, 4.482896705157368e-05, 0.14719154491356037, -1.296242099883417, 0.0
0.7304700000000013, -0.16566561769548876, 8.485294456002967e-06, 0.05158839593809421, -0.7294359714312493, 1.0
0.9607000000000023, -0.3221342497036309, 1.0355919452185217e-05, 0.11283290025446471, -0.9589701901083408, 1.0
0.984731125853419, 0.013812884296194579, 0.0017071089109163692, 0.0008132533136716899, 0.3553907409644708, 1.0
1.1700000000000008, -0.022479758259332933, 0.03890003850610101, 0.11622894566590856, -0.021155675860874273, 1.0
1.2688000000000001, -0.018731335864937665, 0.03364816183294215, 0.10480799747719867, 0.014446290164915873, 0.0
1.1789700000000003, -0.010926430337502941, 0.01754893489681949, 0.1130695974834012, 0.00017791897255407446, 0.0
0.5730399999999987, 0.21565976021833871, 1.100961129584327e-05, 0.14413960677723256, 0.5679321923565437, 0.0
0.6666400000000001, 0.2576454689375064, 0.0002911347840636617, 0.15157741679158707, 0.6615849450865978, 0.0
1.2344799999999996, -0.0017697816629870977, 0.1838446752993659, 0.10065695260623597, -0.01968832722282863, 0.0
1.0563799999999999, -0.3980400887503266, 1.4642043857574705e-05, 0.14275901657913298, -1.0534757390821532, 0.0
1.2443599999999977, -0.32427553308613055, 0.013950296257665307, 0.07494397806858681, -1.191286060106439, 1.0
0.46332000000000056, -0.09864901730202162, 8.367034117077452e-06, 0.04582481364059003, -0.4608781908028061, 1.0
1.2327899999999996, -0.44703456460302454, 3.1649591321880534e-05, 0.1318937668727943, -1.2309268924272938, 0.0
0.6349199999999992, 0.24279441240454078, 0.0006577693440954525, 0.14770615915422755, 0.631790239496612, 0.0
1.2999495326792558, -0.06209043085836534, 0.025469423666205908, 0.12326501744665136, -0.1088143035699913, 1.0
1.2042933460347265, -0.13394562168929852, 0.01583329442331603, 0.13383886973672635, -0.30174862257554536, 1.0
1.0533607152966675, 0.01285612001952342, 0.002248857169713445, 0.0009904944638521763, 0.31817319865067106, 1.0
1.2042933460347265, -0.13394562168929852, 0.01583329442331603, 0.13383886973672635, -0.30174862257554536, 1.0
1.1069500000000003, -0.32652363377876953, 4.9382495368058485e-05, 0.08757372911203021, -1.1034593077016583, 1.0
0.25116000000000027, -0.03513934475202065, 2.4925605740517855e-06, 0.019711510836958147, -0.2502818459051869, 1.0
1.2513900894890857, 0.014015124843056366, 0.005390522150671481, 0.0017320795892771168, 0.3136963553281904, 1.0
1.0245299999999993, -0.38063251643054036, 0.0008208585638603863, 0.15140115824765074, -0.9758853208043949, 0.0
1.1465999999999987, 0.09216574018328569, 0.12711563196483508, 0.06334164547897014, 0.2133166297215823, 1.0
0.5626399999999997, 0.1894322913532759, 2.2557861383145802e-05, 0.11470831788963402, 0.5592516091423501, 1.0
0.9391200000000007, -0.24487025921945013, 0.050963613172788136, 0.13923466563026307, -0.6218329593586532, 0.0
0.9697999999999997, 0.3091098163892487, 0.007402935094856652, 0.10378940166693001, 0.9609223982995906, 0.0
1.2135471761483836, -0.21423409800756388, 0.0076080235299802335, 0.14000771903261894, -0.5243572870730556, 0.0
1.1792299999999998, -0.031428961931141114, 0.011786765315272117, 0.13922437788912617, -0.0454279470846775, 1.0
1.0807730111826195, 0.013626216010841647, 0.004163407929594174, 0.001062544494707031, 0.2944260524543241, 1.0
1.0412999999999997, -0.22734942646339612, 0.008529387418029936, 0.05041089519313816, -1.016113713243605, 1.0
1.2641199999999997, 0.05440723300062673, 0.4803174252651868, 0.19325682285448578, 0.21156924723203466, 0.0
1.227590000000004, -0.4011020606882736, 3.950034926915576e-05, 0.10713478194381355, -1.2254383670639228, 1.0
0.35749999999999715, 0.09743794132406242, 2.0142795663183138e-05, 0.07600123514964639, 0.353393416052813, 1.0
1.1531000000000007, -0.4274691074143921, 2.0789184619882343e-05, 0.13817646955409946, -1.1500092861318103, 0.0
1.048189999999999, 0.8883630588947967, 4.413094370314494, 1.225414138177774, 0.8561588791140378, 0.0
0.7175999999999998, 0.2771003904945428, 0.00026183950673642456, 0.1515659532640713, 0.7116427842826678, 0.0
1.2369499999999949, -0.4563342999588398, 4.356443571079309e-05, 0.13784359949438113, -1.229113794277285, 0.0
0.9583599999999977, -0.17914829474868918, 0.17491774507028662, 0.119427130636055, -0.4738502567196635, 0.0
1.2998984926148998, -0.08309324450510853, 0.11106603746219268, 0.10941501077439364, -0.14230183864209234, 1.0
0.8730799999999995, -0.26508264326452613, 8.413487438107793e-06, 0.09257503548772555, -0.8712712622691483, 1.0
1.3000000000000025, -0.5002493810223194, 2.2447079128742465e-05, 0.14912222165104747, -1.2954420122266053, 0.0
1.2715299999999978, -0.5023343065684216, 4.356521284829589, 0.9290488071917996, -0.5641945822256812, 0.0
1.1989899999999993, 0.022092323153704258, 0.1413718558607424, 0.05551530626229579, 0.10401017430461264, 0.0
0.5550999999999998, 0.07215835255396008, 0.15178977322296336, 0.033821008170283474, 0.3590325066699123, 1.0
1.0558600000000002, -0.4073951519826672, 4.6237427068575326e-05, 0.15002946070867876, -1.051769416679599, 0.0
0.5751199999999996, 0.21507904744992523, 2.1325832863895072e-05, 0.14227874579289554, 0.5701473564750683, 0.0
0.7711600000000008, 0.03338075462450984, 0.10287100271537686, 0.10327545500493435, 0.04010368875819948, 1.0
1.1999000000000004, 0.1449362324634206, 0.10856221647430324, 0.11834683917715556, 0.2495382102616135, 1.0
1.26984, -0.03977160028376085, 0.30045922734393044, 0.1387389405137562, -0.11829435170332245, 0.0
1.2999999999999985, -0.370085016668651, 0.7597238233859662, 0.5012348154835834, -0.5569452027699303, 1.0
0.9132500000000008, 0.3537192500967566, 0.0001155148561145769, 0.15171036938068622, 0.9079939138278624, 0.0
1.1635000000000022, -0.39770549626393303, 3.3572350001950047e-05, 0.1175110336034114, -1.1602183056120532, 1.0
0.6489599999999989, 0.16965215789862806, 0.021878321526830998, 0.143478852633835, 0.42510979385980413, 0.0
0.0, 0.0, 0.00886709730762314, 0.002771880201999998, 0.0, 1.0
0.5512000000000007, 0.07177052679561277, 0.11232273481659955, 0.02770741444128043, 0.45891312898337916, 1.0
0.6827600000000024, 0.23342839543259106, 1.3883921656355738e-05, 0.11811456577989382, 0.6791484391486597, 1.0
1.299999999999999, -0.223450496122936, 0.23619022555181535, 0.09546473264994189, -0.5619221306366466, 0.0
1.2313599999999993, -0.4458971655151871, 2.458544805623533e-05, 0.13189615721519493, -1.2278025107652872, 0.0
1.2010286971956616, -0.08560112054525229, 0.012880193231770955, 0.1319688771028018, -0.17111105573550653, 1.0
1.3000000000000034, -0.4973022736572563, 4.482896705157368e-05, 0.14719154491356037, -1.296242099883417, 0.0
0.7040800000000011, 0.118796552803386, 0.006172713498005438, 0.029562987991679175, 0.6938745600133823, 1.0
0.8560500000000022, -0.31439573171189455, 2.2258444767709827e-05, 0.13683324320207998, -0.8499248386987174, 0.0
1.1926199999999987, -0.23901610759777167, 0.39904063737535433, 0.10770081127373121, -0.8726833307549343, 0.0
0.5751199999999996, 0.21507904744992523, 2.1325832863895072e-05, 0.14227874579289554, 0.5701473564750683, 0.0
1.0316542868249257, 0.028689625650221817, 0.009341320046340253, 0.002628505700466305, 0.5118887559323497, 1.0
1.2042933460347265, -0.13394562168929852, 0.01583329442331603, 0.13383886973672635, -0.30174862257554536, 1.0
0.8845200000000006, 0.20602197137928926, 2.923641674685154e-05, 0.05466509079479332, 0.8811404927505074, 1.0
1.105649999999999, 0.5400067923335928, 4.246418124869828, 1.301122694378425, 0.381043455080046, 0.0
1.2035400000000012, 0.2860234285434906, 0.16875633988317007, 0.08247273997104376, 1.0176395754485148, 0.0
0.8086000000000007, 0.30059156879406873, 6.02802470092626e-05, 0.14025121134131327, 0.8025943486026587, 0.0
0.12584000000000037, 0.017847798849515498, 0.00011274383477599063, 0.020708902970084212, 0.12402273161781352, 1.0
0.48657424114627934, 0.001623036325989633, 0.0019249540889846345, 0.0006540410163188333, 0.05038732368210025, 1.0
0.889200000000001, -0.34271100001518007, 0.0007251225783844982, 0.1517541473853619, -0.8795920263110066, 0.0
1.1531000000000007, -0.4274691074143921, 2.0789184619882343e-05, 0.13817646955409946, -1.1500092861318103, 0.0
1.1546599999999976, 0.42983253671393923, 5.3260368164983046e-05, 0.14053095805080668, 1.1466640203886453, 0.0
0.6323199999999987, 0.24422507741318505, 0.0002632677894545472, 0.15157233809678416, 0.6271682480935361, 0.0
1.249820000000001, -0.3628081052196177, 3.116922533543006e-05, 0.08451290593841385, -1.2480336471284244, 1.0
0.8986899999999984, -0.34854378879810677, 2.464054974368585e-05, 0.15152826165497443, -0.8952805789451078, 0.0
0.6302400000000001, 0.24343074326501074, 0.0002891376675297027, 0.15171935915860593, 0.624794157150161, 0.0
0.6884800000000011, 0.11768702329263947, 0.049702390147433516, 0.033496464225967255, 0.5754674241032515, 1.0
0.7046000000000017, 0.2726728617819299, 0.00012713956633415743, 0.15131395238047107, 0.7008530764114091, 0.0
0.5907199999999999, 0.09050486205493018, 0.039062568317271944, 0.051007280923807324, 0.3421776216070454, 1.0
1.0934183143771292, 0.015296967999471965, 0.0043261091771386595, 0.0017171107823153648, 0.23013960436145323, 1.0
0.32128620723438217, -0.0013447814905438748, 0.009945928331717835, 0.002734838871553899, -0.02211777542528166, 1.0
1.3000000000000012, 0.08374429804032398, 0.2837967846397476, 0.14139542001081956, 0.17296550993097082, 0.0
0.9848800000000008, -0.010290409650174623, 0.1962751601038651, 0.1053763991144951, -0.01209676337701252, 0.0
0.8663200000000001, -0.33504756777198996, 0.00025138703091010607, 0.15200412002018707, -0.8592021880590315, 0.0
0.9308000000000017, -0.36110481535367245, 0.00019358426059455425, 0.15211363244216541, -0.925724404804575, 0.0
0.6635200000000012, 0.25634588666328495, 0.00041414971794278573, 0.151278870037455, 0.65893758314796, 0.0
1.1858600000000012, -0.36232302520756554, 1.6562973356698754e-05, 0.09364462596015448, -1.1840457085935776, 1.0
1.2999999999999992, -0.3934633129799769, 2.060110228847618e-05, 0.09187267619616601, -1.2981206225053452, 1.0
1.0919999999999992, 0.2553254390741666, 0.016101944544767894, 0.05819798183579263, 1.0658128656203685, 1.0
0.0, 0.0, 0.00886709730762314, 0.002771880201999998, 0.0, 1.0
0.3900000000000024, 0.10148164312596686, 4.4131271687454355e-05, 0.06841056133134077, 0.38800747498351923, 1.0
0.8091200000000001, 0.3045812798114116, 2.8882501263959606e-05, 0.1440590809732811, 0.8024267743653067, 0.0
1.2444900000000008, 0.26297478942258684, 0.4879221682971908, 0.1724951831584821, 0.38885142067537215, 0.0
1.0592400000000008, 0.030673599330530835, 0.23117907200938817, 0.1193020112589858, 0.06330033419635091, 0.0
1.3000000000000014, 0.15105806490331866, 0.2114653417443834, 0.09820434636769694, 0.33818386781582277, 0.0
1.2526379886134895, 0.025483011852844406, 0.0091890805464422, 0.0028176327338074155, 0.34936969973487597, 1.0
0.9886499999999988, -0.0650496150538549, 0.09579615162395347, 0.09921976720328521, -0.12416557570036782, 0.0
1.299999999999999, -0.223450496122936, 0.23619022555181535, 0.09546473264994189, -0.5619221306366466, 0.0
1.1807899999999985, -0.0925896502651066, 0.19442086446275386, 0.09118476219806285, -0.18429057497364293, 1.0
0.8949954782939225, 0.010116968909531348, 0.0019365111431880909, 0.0007258767493325786, 0.27554072138249647, 1.0
1.221480000000001, -0.011610861438134088, 0.2053497035448559, 0.08074168619133612, -0.02623082141752252, 0.0
1.3000000000000025, -0.5002493810223194, 2.2447079128742465e-05, 0.14912222165104747, -1.2954420122266053, 0.0
0.43475326759635335, 0.04744032410254907, 0.08717830643002782, 0.02005703839290007, 0.324180328222339, 1.0
1.1168461280510669, 0.014760160833643706, 0.010773941689131655, 0.002485664008468959, 0.3859480615840188, 1.0
1.086344964668657, -0.011908096226348308, 0.14866291507341703, 0.06533021365387383, -0.048290422421402364, 0.0
1.2253799999999995, 0.4294867875128572, 0.6760356930494315, 0.16435997836817354, 1.1760010884445224, 0.0
1.2999999999999985, -0.370085016668651, 0.7597238233859662, 0.5012348154835834, -0.5569452027699303, 1.0
1.254760000000001, -0.27043547156153613, 0.5749416794170875, 0.2433928789196904, -0.4916314624988685, 0.0
0.9409400000000013, 0.008090822782040185, 0.1734114391476175, 0.09397044033947669, 0.01915526820971191, 0.0
0.8236800000000004, 0.3185973378889543, 7.625097975028756e-05, 0.15145624059878868, 0.8184717853706485, 0.0
1.002169999999998, -0.0484553274525592, 0.35145256134668357, 0.13089703506188857, -0.10549409145468637, 0.0
0.9361299999999995, 0.05245518541838735, 0.23732450254174126, 0.11757779199731817, 0.1307094709185841, 0.0
1.300000000000001, -0.3391006844882947, 0.3234656910558788, 0.11170101858775067, -1.0167117813162112, 1.0
0.5862999999999998, 0.09872724877488354, 0.005826064310077098, 0.02939811091559121, 0.5779901651992414, 1.0
1.2282399999999993, 0.1850648659355311, 0.001712502446796406, 0.023255229375475514, 1.2157203480127579, 1.0
0.9933299999999989, 0.3848675570242215, 0.00023044890230042566, 0.15190787895534624, 0.9873690952029197, 0.0
1.2181000000000017, -0.06166793019718183, 0.11416272466903438, 0.07958403159673605, -0.09426362640283667, 0.0
0.5946200000000005, 0.09455394491365063, 0.012260698109106667, 0.026715980531467176, 0.5852173694908571, 1.0
0.0, 0.0, 0.00886709730762314, 0.002771880201999998, 0.0, 1.0
1.2135471761483836, -0.21423409800756388, 0.0076080235299802335, 0.14000771903261894, -0.5243572870730556, 0.0
1.2181000000000017, -0.06166793019718183, 0.11416272466903438, 0.07958403159673605, -0.09426362640283667, 0.0
1.0796500000000007, -0.37560142309001615, 6.254272365081811e-06, 0.12168354337383427, -1.0767862859397344, 1.0
0.914159999999999, 0.35432811704637557, 9.959261453868184e-05, 0.15164198427989586, 0.909778966213101, 0.0
0.4420000000000013, 0.06258652796933331, 0.029189250774940258, 0.02515601333561145, 0.4001659593970131, 1.0
1.3000000000000005, 0.0910321590398342, 0.31840963259983446, 0.16192407871455675, 0.17038993786965442, 0.0
0.5946200000000005, 0.09455394491365063, 0.012260698109106667, 0.026715980531467176, 0.5852173694908571, 1.0
0.7364500000000014, 0.2523239998548745, 2.657881095811727e-05, 0.11906887726542364, 0.7312183437844585, 1.0
1.1465999999999987, 0.09216574018328569, 0.12711563196483508, 0.06334164547897014, 0.2133166297215823, 1.0
0.43332220326051124, 0.0012478957772313474, 0.0010246551743828835, 0.0004559113629854574, 0.05891202552674291, 1.0
0.8845199999999999, 0.2062025988627727, 2.680302375094497e-05, 0.05477036416107775, 0.8810587888168031, 1.0
0.8085999999999993, 0.3025240558244051, 1.609190683761005e-05, 0.14184342368583314, 0.803203413612705, 0.0
1.2292799999999995, -0.00860729971705022, 0.1887232469375032, 0.0976403218034942, -0.017486498800459542, 0.0
1.0935599999999996, -0.08036685809732319, 0.10435110065031493, 0.09317184597513263, -0.10198813735823122, 1.0
0.8624199999999981, 0.2219249289799721, 1.922249353325218e-05, 0.0670583589210155, 0.8571403951477775, 1.0
0.6459700000000028, 0.11412252596456644, 9.726916391235191e-06, 0.03146142792743093, 0.643530389375146, 1.0
1.2999999999999998, 0.14006271271669346, 0.13775412359740016, 0.11953704166432182, 0.335380198904083, 0.0
0.86164, -0.23929206651702245, 8.82880097209209e-06, 0.07750904351766351, -0.859577302122104, 1.0
0.7467199999999995, 0.19684646808725678, 2.0560720121313935e-05, 0.07002638713956882, 0.7437620709901069, 1.0
1.1588200000000004, 0.401820722125572, 7.79928323085645e-05, 0.12167144706136998, 1.1520211372860065, 1.0
1.2999999999999998, 0.028733625121742597, 0.04570992422803611, 0.042020842600520095, 0.07805833633195317, 1.0
1.2999999999999985, -0.370085016668651, 0.7597238233859662, 0.5012348154835834, -0.5569452027699303, 1.0
1.2281099999999991, 0.1863404960747365, 0.0018685289469589947, 0.0235901211665561, 1.2155172646400594, 1.0
1.3000000000000014, 0.15105806490331866, 0.2114653417443834, 0.09820434636769694, 0.33818386781582277, 0.0
1.2999999999999994, 0.09739955098072235, 0.06984511916541715, 0.1129758881133149, 0.2154942258999424, 1.0
0.19265999999999928, 0.030883090845854486, 3.3913851264330055e-05, 0.0260936921078867, 0.1911941365965846, 1.0
0.9942399999999993, 0.38508258213189245, 0.0003758470784533841, 0.15205241734660155, 0.9873963840791116, 0.0
1.1596000000000009, 0.11529982906326713, 0.18554191648713425, 0.14050656037589548, 0.1881226673651292, 1.0
1.057939999999998, -0.3489461542451561, 0.430814588850742, 0.2612224760866279, -0.7880603919365089, 0.0
0.6916000000000001, 0.26721778614671, 0.00022955581993085517, 0.15118135242411326, 0.6870676673048828, 0.0
1.0566400000000002, 0.06622474072673389, 0.26301383223883823, 0.14076955928980403, 0.16290139599219772, 0.0
0.996990336905856, 0.010591174175286499, 0.0020610130386493415, 0.0007080662274822581, 0.2982202159480205, 1.0
1.2779000000000014, 0.0839038579060421, 0.26878281276620414, 0.09323418921251218, 0.19893291560935814, 1.0
1.1787099999999997, -0.07249994050366869, 0.6933446967647293, 0.19391088558145855, -0.33402500664416496, 0.0
1.2010286971956616, -0.08560112054525229, 0.012880193231770955, 0.1319688771028018, -0.17111105573550653, 1.0
1.2999999999999992, -0.18155498899091252, 0.2677892919129151, 0.08178436427903257, -0.8965936306323431, 0.0
1.2112099999999995, 0.20721006620542493, 0.00010388430394737332, 0.029648065608565463, 1.2034311890731355, 1.0
1.2001939949836216, -0.11189474034177595, 0.01797846665552723, 0.13279758308800196, -0.245961399720327, 0.0
0.4296499999999997, 0.06317445126737285, 1.3954683219053693e-05, 0.021782167026801046, 0.42803368282098136, 1.0
1.3000000000000005, 0.3459797406585194, 3.437779206410876, 0.7284608843323892, 0.18142418612885192, 0.0
1.3000000000000003, 0.018607114831054313, 0.016474385455098172, 0.1233152258538911, -0.002104815762512067, 1.0
1.2999999999999985, -0.370085016668651, 0.7597238233859662, 0.5012348154835834, -0.5569452027699303, 1.0
1.1588199999999995, 0.40338581196812184, 5.4761914919210454e-05, 0.12262628802355188, 1.1520108752905032, 1.0
1.2181000000000017, -0.06166793019718183, 0.11416272466903438, 0.07958403159673605, -0.09426362640283667, 0.0
1.08901, 0.3496024848575229, 3.691511161317657e-05, 0.10430728000852352, 1.0825584441189597, 1.0
0.9552399999999984, 0.36833990045313053, 0.000602071102538649, 0.15142659959430116, 0.9464334543205246, 0.0
1.3, -0.0489233393677833, 0.21227720041646644, 0.10604045756243784, -0.14688983437223388, 0.0
1.1448629597758704, 0.018699573581195502, 0.0019440718315685349, 0.0011427555101519013, 0.3858632751547137, 1.0
1.2999495326792558, -0.06209043085836534, 0.025469423666205908, 0.12326501744665136, -0.1088143035699913, 1.0
1.182479999999997, -0.3004173109479822, 0.26674474034052437, 0.1689080530224288, -0.6505242203075362, 1.0
1.3000000000000016, -0.43392533588248755, 0.28530632777857895, 0.1700164426336208, -1.089994435144029, 0.0
1.3, 0.20186377428674981, 0.1189620625221327, 0.1136121576752465, 0.448608536765269, 0.0
1.0795199999999996, -0.00782871912072159, 0.18180582935285844, 0.0945076691062544, -0.0056638974930298455, 0.0
1.2999999999999998, 0.1708574969455259, 0.4690765503282487, 0.20493864654029345, 0.38124918907002514, 0.0
1.2135471761483836, -0.21423409800756388, 0.0076080235299802335, 0.14000771903261894, -0.5243572870730556, 0.0
1.300000000000001, -0.3391006844882947, 0.3234656910558788, 0.11170101858775067, -1.0167117813162112, 1.0
1.2485199999999992, 0.015313200107067004, 0.6219559442434135, 0.2176820050340438, 0.11021725423847896, 0.0
0.914159999999999, 0.35432811704637557, 9.959261453868184e-05, 0.15164198427989586, 0.909778966213101, 0.0
1.2508600000000005, 0.026022414338120012, 0.4290533934725985, 0.1627604116080681, 0.22971144611552977, 0.0
1.3000000000000012, 0.0907128991501089, 0.393836649100116, 0.16950569874738403, 0.17905637407690903, 0.0
1.3, -0.14158524246686632, 1.0021228411304197, 0.2800087445221348, -0.2615997610353639, 0.0
0.5719999999999996, 0.2158687956147135, 2.6674352552993048e-05, 0.1447134489003782, 0.5673679813602729, 0.0
0.991509999999999, 0.3846607478595183, 0.0004956582973286374, 0.15216079330266744, 0.9859951174645193, 0.0
0.8850400000000002, 0.3427194227398407, 0.00016085021559843237, 0.1515145456483553, 0.8803357550562252, 0.0
0.8216000000000008, -0.31979170928908496, 8.988493225694618e-05, 0.1524648203405457, -0.8188678328124745, 0.0
1.2285000000000008, -0.048476385222590526, 0.35094809321405845, 0.0961097926383228, -0.1042735887499099, 0.0
1.2999999999999992, -0.05558265957041348, 0.07705295834204787, 0.08867233331648601, -0.07571424761846589, 1.0
1.3000000000000005, 0.11880301124013991, 0.09867748630615666, 0.09631684411796623, 0.18917734379595802, 1.0
1.18261, -0.06779099119839757, 0.29586465034353493, 0.08071857417779434, -0.11805266833210318, 0.0
1.178840000000002, -0.036205347349655505, 0.018467518803452314, 0.11203697220738704, -0.07335430065293312, 1.0
0.4770370379577343, 0.0023960492131826204, 0.0027300663219974354, 0.0011149299882325671, 0.06475243228538399, 1.0
1.15336, -0.42994309297042976, 1.455162236965353e-05, 0.13969650814516663, -1.150352091083608, 0.0
0.932619999999999, -0.05842104754125704, 0.06903174334532265, 0.10304818962806314, -0.11373851435788922, 1.0
0.8164000000000007, -0.28165797316400965, 0.7213052850821368, 0.27653559240690595, -0.5441480394792356, 0.0
1.1817000000000004, 0.11485905473054368, 0.20842227586786868, 0.07758158649593064, 0.2843193998946518, 0.0
1.300000000000001, -0.02674625955731453, 0.5955630185764512, 0.23209238207327634, -0.02488648974403752, 0.0
1.3, -0.3071394331691957, 1.5365533585040287, 0.4097668401618074, -0.16331502971541592, 0.0
1.1787099999999997, -0.07249994050366869, 0.6933446967647293, 0.19391088558145855, -0.33402500664416496, 0.0
1.2526799999999998, -0.255641835769368, 1.1395222802230458, 0.19198009944925323, -0.42934166542448293, 0.0
1.1787099999999997, -0.07249994050366869, 0.6933446967647293, 0.19391088558145855, -0.33402500664416496, 0.0
1.3, -0.3071394331691957, 1.5365533585040287, 0.4097668401618074, -0.16331502971541592, 0.0
1.2999999999999992, -0.18155498899091252, 0.2677892919129151, 0.08178436427903257, -0.8965936306323431, 0.0
1.1796200000000012, 0.0578206032128049, 0.28592354948218207, 0.13983275008155993, 0.1727184279854266, 0.0
1.257885340629904, -0.32298531167919636, 0.25377248906782307, 0.09386052256401672, -1.0891239151307568, 0.0
1.2999999999999998, -0.06086760315817798, 0.09633888487066233, 0.12403639443553413, -0.07809779188833953, 1.0
1.2555399999999997, 0.06418582554138862, 0.10462485398485442, 0.10547640375905677, 0.11794352317767466, 1.0
1.2784311800021047, 0.1400978063185222, 1.1309482347183573, 0.2509000460295304, 0.1387890508975023, 1.0
1.1794900000000004, -0.2925659479454142, 1.0765076269043714, 0.3711363895576709, -0.2746348111607509, 0.0
1.0576799999999997, -0.061617997725310375, 0.36174830010127607, 0.1888006765558319, -0.08645198994001793, 0.0
1.2838800000000006, 0.061124915599832005, 0.21898218236974137, 0.12751378911430108, 0.12391672180486031, 0.0
1.2999999999999994, 0.11114355388919442, 0.10452193489214948, 0.13023956999738906, 0.13804883870295115, 1.0
1.2999999999999985, -0.370085016668651, 0.7597238233859662, 0.5012348154835834, -0.5569452027699303, 1.0
1.2220000000000022, 0.11242434834570297, 0.07497817055456509, 0.13001921169561959, 0.1795383192752639, 0.0
1.222, -0.26318191299539306, 0.7134770716562387, 0.30414247196752264, -0.42687735374345764, 0.0
1.3, 0.1277171514410502, 0.2623424671750835, 0.13336935135026637, 0.31250828123988955, 0.0
1.3000000000000065, -0.06442328993218067, 1.1182403228048223, 0.3722308185112059, -0.09859358300102232, 0.0
0.28672193644045135, 0.0008999285848463839, 0.0020555353481278176, 0.0011071948848929115, 0.022072427079536276, 1.0
1.299999999999998, 0.03616436877401328, 0.06808815829420103, 0.07957771044548832, 0.05211904092977107, 1.0
1.0748400000000005, -0.26206283293556937, 0.0047175022478904045, 0.06019085821602088, -1.0704686281195561, 1.0
1.300000000000003, -0.20118494028106, 0.7603956775753662, 0.17550481386674313, -0.30182698951042775, 1.0
1.1840400000000002, -0.1704164011613751, 0.32509735347980595, 0.08497449881452766, -0.48764084735894025, 1.0
1.300000000000001, -0.3391006844882947, 0.3234656910558788, 0.11170101858775067, -1.0167117813162112, 1.0
1.2485199999999992, 0.015313200107067004, 0.6219559442434135, 0.2176820050340438, 0.11021725423847896, 0.0
1.300000000000001, 0.14357619617378772, 0.42050655125327707, 0.24503674519322857, 0.2412377397190066, 0.0
1.3000000000000016, -0.43392533588248755, 0.28530632777857895, 0.1700164426336208, -1.089994435144029, 0.0
0.7649199999999997, -0.07828987377281016, 0.3816073745022755, 0.16406771161635827, -0.15107418171953216, 0.0
1.3000000000000012, 0.10696888648353996, 0.43390485588080807, 0.23007034959068748, 0.1976232824422629, 0.0
1.1772800000000014, 0.06641111207767306, 0.27101542624999725, 0.17535531146340858, 0.14565083897656717, 0.0
0.5109000000000001, -0.0952264502653849, 8.912777288034354e-06, 0.03486850778083565, -0.5099702356298713, 1.0
0.42327999999999927, 0.1332215907549531, 0.0003186037226296072, 0.10122562074392866, 0.4187522328053397, 1.0
1.1528399999999988, -0.38309120566681615, 1.2700633637636864, 0.30355089171489685, -0.6441967523590738, 1.0
1.3000000000000014, -0.4456573526418651, 0.23798412760211818, 0.16930207041058512, -1.063011673221622, 0.0
1.064180000000001, -0.30679755616985654, 0.14114529553699418, 0.11144500356550148, -0.9493468881190327, 0.0
1.3000000000000003, -0.3195939313326886, 0.5858605413649038, 0.13566039363636373, -0.7880278012745119, 0.0
0.14169999999999935, -0.019095063267744804, 0.00021344964229147586, 0.018816525198760453, -0.13922319577897155, 1.0
1.0582000000000007, -0.2846950078833434, 0.14733247970988883, 0.14478865024642562, -0.7594129202770509, 1.0
1.2008100000000002, -0.2884462750001579, 0.20002802213642046, 0.09796453927804004, -0.9513391450866786, 0.0
1.2999999999999998, 0.1708574969455259, 0.4690765503282487, 0.20493864654029345, 0.38124918907002514, 0.0
1.1775400000000003, -0.4565206978317453, 1.4420707616381556, 0.3848593485074624, -0.7713419278554186, 0.0
1.2999999999999985, -0.370085016668651, 0.7597238233859662, 0.5012348154835834, -0.5569452027699303, 1.0
0.8137999999999979, -0.18556031906603732, 0.49555215198591734, 0.14208940923879865, -0.4629020646156588, 0.0
0.720719999999999, -0.06351325938917135, 0.35232943853521503, 0.16272231667806847, -0.15295683532500656, 1.0
0.47372000000000064, -0.11804374512751427, 0.010760443369609582, 0.06741578473664513, -0.4569075794150626, 1.0
1.257885340629904, -0.32298531167919636, 0.25377248906782307, 0.09386052256401672, -1.0891239151307568, 0.0
1.166619999999999, -0.45485194607155355, 5.7959468803734594e-05, 0.15247168566374567, -1.1648033079970674, 0.0
1.300000000000001, 0.10399486549127318, 0.6227009875291618, 0.2453502609216822, 0.19153190222802718, 0.0
1.2999999999999998, -0.4410348634836209, 0.48584097391562, 0.17077993884337192, -0.9507001480452187, 0.0
1.2506000000000002, -0.3296717839472833, 0.36667333880729075, 0.13807376084447862, -0.7693132108945935, 1.0
1.3, -0.3071394331691957, 1.5365533585040287, 0.4097668401618074, -0.16331502971541592, 0.0
1.1556999999999982, -0.20930733217646605, 1.6860639076729944, 0.7473157502628515, -0.2505417406045187, 0.0
0.10243999999999909, -0.013027507304234118, 0.00010038353010235007, 0.01661464203465071, -0.10106899059266229, 1.0
1.1333400000000027, -0.4413559454686416, 9.576786725637679e-05, 0.15230420955642981, -1.1309169471107965, 0.0
1.3000000000000003, -0.1661644124414017, 2.299652307589813, 0.4517810904778821, 0.11051756570322896, 0.0
1.2874325467264622, -0.21406860533774796, 0.7250389374408529, 0.19942717460201134, -0.5780849198896336, 0.0
1.1787099999999988, -0.07779785836992052, 0.06812499706283007, 0.09722702813940831, -0.1434636377634922, 1.0
1.2999999999999985, -0.370085016668651, 0.7597238233859662, 0.5012348154835834, -0.5569452027699303, 1.0
1.2999999999999998, -0.395500322404419, 0.0030115814897370592, 0.0943973705561847, -1.2883853954944404, 1.0
1.1787099999999997, -0.07249994050366869, 0.6933446967647293, 0.19391088558145855, -0.33402500664416496, 0.0
1.3000000000000003, -0.6172775917517044, 0.837772783652841, 0.9538663547297189, -0.497405994891568, 1.0
0.7766982196382398, -0.1834997627897216, 0.011616743146404835, 0.060420703800577416, -0.7505549134627091, 1.0
0.8096399999999978, -0.23046127100123176, 0.9072294585435834, 0.8490389073973179, -0.2729136339077767, 0.0
1.2967487160109568, -0.31481931721974316, 4.1690118260465665, 0.8316168726685323, -0.42659100462145205, 0.0
1.1788400000000012, -0.22373339406663267, 0.5421344019252287, 0.4463490848468009, -0.21551013186456852, 0.0
0.255190000000002, -0.054098881337073905, 0.0014710439453810662, 0.04607321130548417, -0.252404421777605, 1.0
1.2964313236951481, -0.08427247379958104, 0.9217737836742408, 0.2853713536079357, -0.36688176399678435, 0.0
1.300000000000001, -0.3391006844882947, 0.3234656910558788, 0.11170101858775067, -1.0167117813162112, 1.0
1.2043199999999998, -0.4477239292883574, 0.057864839046601994, 0.15130971692070586, -1.1651731210272862, 0.0
1.1790999999999998, -0.35730790042174726, 1.1006871880393885, 0.26105437652795954, -0.8515201536689624, 1.0
1.2964313236951481, -0.08427247379958104, 0.9217737836742408, 0.2853713536079357, -0.36688176399678435, 0.0
1.2573600000000016, -0.3067964468355552, 0.9421236253968658, 0.19450297618802231, -0.7250710566414793, 1.0
1.1840400000000002, -0.1704164011613751, 0.32509735347980595, 0.08497449881452766, -0.48764084735894025, 1.0
1.172940901717682, -0.8191592545184014, 5.750060737363992, 1.3607708500268574, -0.6465085650411622, 0.0
1.2964313236951481, -0.08427247379958104, 0.9217737836742408, 0.2853713536079357, -0.36688176399678435, 0.0
0.7097999999999999, -0.12963710401120018, 0.1733067264099165, 0.05943360577883149, -0.4898407725466363, 1.0
1.1800100000000102, -0.22324848634406283, 2.400597627698073, 0.48616382047372736, -0.22194162679486903, 0.0
1.2781600000000004, -0.11962085162753067, 0.1830934843098202, 0.09832983005379634, -0.18606816516574975, 1.0
1.2494300000000003, -0.48433075063426395, 0.00022277712788190904, 0.1520563423025349, -1.2420575665347335, 0.0
0.13910000000000033, -0.019079408333661316, 0.0004753037230281846, 0.019114350636538577, -0.13800605709860353, 1.0
1.2537199999999995, -0.29223786333672164, 0.21446788001347766, 0.11696399500648051, -0.8274700057252151, 1.0
1.300000000000001, -0.3391006844882947, 0.3234656910558788, 0.11170101858775067, -1.0167117813162112, 1.0
1.3000000000000014, 0.04503068632420264, 0.11504946018271549, 0.0658030584371459, 0.12582913959934586, 1.0
1.300000000000003, -0.4344988912574057, 4.748302356360103, 0.8866726708605729, -0.4742033659421379, 0.0
1.3, -0.14158524246686632, 1.0021228411304197, 0.2800087445221348, -0.2615997610353639, 0.0
1.0223200000000017, -0.4025687919325572, 1.8971303487682665, 0.3002865628465446, -0.7850546853536658, 0.0
1.2599600000000009, -0.37122997902990884, 0.9393437729505901, 0.33945949497386474, -0.6912755867970993, 0.0
1.3000000000000014, -0.4456573526418651, 0.23798412760211818, 0.16930207041058512, -1.063011673221622, 0.0
1.1699999999999995, -0.3635543682988976, 1.4554448079781719, 0.2982166401790633, -0.5726810998083297, 0.0
1.3000000000000003, -0.4248741371243373, 2.4765527502757463, 0.794143651470031, -0.21692415116626074, 0.0
1.10916, 0.08816010168413743, 0.08683009785454379, 0.10419834976508131, 0.15562985187544529, 0.0
1.1831300000000011, 0.1998819966038122, 0.366855296968263, 0.08683463204051403, 0.8353411060693667, 1.0
1.3000000000000003, -0.6172775917517044, 0.837772783652841, 0.9538663547297189, -0.497405994891568, 1.0
0.4791800000000005, 0.010838939559194854, 0.12329513855369978, 0.061876407180187866, 0.03335475130908937, 0.0
1.1013600000000008, -0.43026675590342967, 1.0702280817697776, 0.3186162179692405, -0.6787781462642887, 0.0
1.3000000000000016, 0.030421048666731707, 0.110697033805148, 0.11960597301060495, 0.000998700531614819, 1.0
1.3000000000000003, -0.1661644124414017, 2.299652307589813, 0.4517810904778821, 0.11051756570322896, 0.0
1.0506599999999997, -0.40754117523254524, 0.00026537496842046787, 0.15243370062494752, -1.043775472348286, 0.0
1.1516873403255865, -0.48863209149393966, 1.553121225375763, 0.8954406616553711, -0.6528230977582532, 0.0
1.2290199999999996, -0.10805707097797403, 0.327834687147203, 0.0954877477372296, -0.28083489735738815, 1.0
1.178709999999999, -0.2644338087441857, 1.1227596106279527, 0.29583818252281935, -0.5205303317832982, 0.0
0.4864599999999997, -0.1643367478010532, 0.0009759142549426954, 0.11637494416879925, -0.4819958263279227, 1.0
1.3, -0.3071394331691957, 1.5365533585040287, 0.4097668401618074, -0.16331502971541592, 0.0
1.1809200000000017, -0.34010217688686545, 0.042169812625169126, 0.09836445657908892, -1.0842829624206418, 1.0
1.1774099999999992, -0.8519048958816778, 18.70049319952667, 5.600171444153794, -0.3830251321253676, 0.0
1.3000000000000023, -0.3991862175767236, 0.20819497528695025, 0.12690340006094142, -1.1318782890717702, 0.0
1.3000000000000003, -0.1661644124414017, 2.299652307589813, 0.4517810904778821, 0.11051756570322896, 0.0
1.0235189092965726, -0.24389572893528352, 0.4518778091603841, 0.1753080916490551, -0.6266377220696512, 1.0
1.2999999999999998, -0.395500322404419, 0.0030115814897370592, 0.0943973705561847, -1.2883853954944404, 1.0
1.1789699999999994, 0.05719565601334734, 0.41808526151732367, 0.18517501118204865, 0.13160884014000407, 0.0
1.277769999999998, -1.2150556197561777, 16.28623417506191, 6.1689198247349175, -0.6098601963649606, 0.0
1.1309999999999993, -0.37963230021505145, 0.0758642800535271, 0.12624997521872108, -1.0824859685662844, 0.0
0.811200000000003, -0.06490806011839792, 1.643712476992903, 0.36888989188784227, -0.02514651946407826, 0.0
0.37335999999999986, -0.004244221001830502, 0.09684726275314647, 0.05411408708939931, -0.012041948640192496, 1.0
1.0158199999999993, 0.05486301351396833, 0.2706028929587287, 0.11606970454480482, 0.1190001703638647, 0.0
1.300000000000003, -0.20118494028106, 0.7603956775753662, 0.17550481386674313, -0.30182698951042775, 1.0
1.2894700000000001, -0.3592888174631523, 0.09246226004041139, 0.09525822993061293, -1.1838597191155806, 0.0
1.177149999999996, -0.07442876197749186, 2.083307661135061, 0.6991544714906008, 0.08439580423916344, 0.0
1.1531000000000005, -0.27495597826687485, 1.6015371803785001, 0.5548235733425715, -0.23841147012573594, 0.0
1.17949, -0.08549160566553116, 0.10366663227157867, 0.10223284115709981, -0.16034381785301857, 0.0
1.0869299999999995, -0.16342370963912034, 0.6185928733994708, 0.2671447052705579, -0.24664937441852883, 0.0
0.8195200000000011, -0.22061638125991131, 0.11592327693704225, 0.08837331039144072, -0.7491553406343315, 0.0
0.40062427235987275, 0.0017310307588182655, 0.0017572006880911737, 0.0007425903494569375, 0.07477090724002394, 1.0
0.12870000000000018, -0.01772470781038753, 0.0013561078088959733, 0.019865641564498514, -0.12623617591960498, 1.0
0.3758300000000015, -0.10776434278927095, 0.0009591211001620338, 0.08476207460950576, -0.3702301172795704, 1.0
1.2999999999999985, -0.2150115871838213, 0.13860118568640933, 0.0520329530570218, -1.0069810045542407, 1.0
0.22944999999999965, -0.06258522597606339, 0.0023029634093635933, 0.08493625081441673, -0.215015638158672, 1.0
1.1700000000000008, -0.2043003238111763, 0.9063601715608851, 0.16666434248763204, -0.3498452197736337, 0.0
1.1531000000000005, -0.27495597826687485, 1.6015371803785001, 0.5548235733425715, -0.23841147012573594, 0.0
1.300000000000003, -0.20118494028106, 0.7603956775753662, 0.17550481386674313, -0.30182698951042775, 1.0
0.9226100000000005, -0.19417778682115486, 0.40351744006626034, 0.1287202330374411, -0.5126443605287571, 0.0
1.2499500000000046, -1.0314687691011621, 5.12293427882595, 1.6507087276035508, -0.8683425619970552, 0.0
1.2885583987353326, -0.35000829507222997, 0.6730878180662045, 0.1603275415450499, -0.9182534244686279, 0.0
0.9900799999999983, -0.27471405630666007, 1.155566909078937, 0.356192542263067, -0.41599965148288554, 0.0
0.8132800000000008, -0.1369835126730434, 2.3717562802292744, 0.35436777193744734, -0.13648492993891578, 1.0
1.3000000000000003, -0.4248741371243373, 2.4765527502757463, 0.794143651470031, -0.21692415116626074, 0.0
0.3113499999999991, -0.07687337826628078, 0.4778744269961935, 0.09606871015215393, -0.2693611098297433, 1.0
1.1761100000000009, -0.3867157996935208, 2.0198363965044206, 0.6842741779137049, -0.37443122857340866, 0.0
0.46371000000000107, -0.0771529275909464, 0.5198695038588779, 0.1268064024226364, -0.23574295752842517, 1.0
1.3000000000000003, -0.4248741371243373, 2.4765527502757463, 0.794143651470031, -0.21692415116626074, 0.0
0.4445999999999995, 0.0018462723983842912, 0.5520103691821359, 0.14564368836104438, 0.033668249972111174, 0.0
1.2365600000000017, -0.4293352700907789, 1.858984971141596, 0.3481834579465353, -0.9215006426334128, 0.0
1.1788399999999999, -0.10792300470325154, 0.6883107476256032, 0.2231166324827511, -0.2185678213594666, 0.0
1.161550000000002, -0.005827895945486382, 0.40605267684996044, 0.15112692762525948, 0.024279744691452505, 0.0
1.1520600000000003, 0.05874882806071725, 0.28533064073240355, 0.1370927216312296, 0.10637671840846555, 0.0
1.1794900000000004, -0.2925659479454142, 1.0765076269043714, 0.3711363895576709, -0.2746348111607509, 0.0
0.7396999999999977, -0.24628836170801385, 0.34163046526805907, 0.7602807862505838, -0.2540890440207402, 0.0
1.1770199999999995, -0.07367203400383729, 1.7118471888043945, 0.5449223171087664, -0.11499970286420207, 0.0
1.2999999999999992, -0.22432915994945013, 2.3624343516659545, 0.8158472599318362, -0.1539113820711763, 0.0
1.2333099999999986, -0.07229859493517868, 0.8919480607221726, 0.21735952937487166, -0.2673108377586656, 0.0
1.277769999999998, -1.2150556197561777, 16.28623417506191, 6.1689198247349175, -0.6098601963649606, 0.0
1.2874325467264622, -0.21406860533774796, 0.7250389374408529, 0.19942717460201134, -0.5780849198896336, 0.0
1.3000000000000003, -0.1661644124414017, 2.299652307589813, 0.4517810904778821, 0.11051756570322896, 0.0
1.2508600000000014, -0.7078391814205233, 3.963950868822386, 1.4498712515776058, -0.4205023669940848, 0.0
0.8169199999999996, 0.002757315642736256, 0.2933128700806066, 0.14717400322718377, 0.04461924456414579, 0.0
1.1794900000000004, -0.2925659479454142, 1.0765076269043714, 0.3711363895576709, -0.2746348111607509, 0.0
0.9174099999999962, -0.27278555967513723, 1.2224326002059502, 1.1739776937940278, -0.2538313343660624, 0.0
0.8915400000000008, -0.345129958857747, 0.0011592171236896385, 0.15266170077309538, -0.8831103189390013, 0.0
1.17741, -0.3793625623870869, 2.3219501295720093, 0.8501808441449985, -0.4191808654469213, 0.0
0.8860799999999982, -0.34496390274480626, 0.00012746187461690916, 0.1526236068297586, -0.8828532264097615, 0.0
1.2910299999999992, -0.29957996779816143, 1.9276375375196235, 0.3270337758341699, -0.5905906034819258, 0.0
1.1770199999999995, -0.07367203400383729, 1.7118471888043945, 0.5449223171087664, -0.11499970286420207, 0.0
1.225899999999998, -0.3063748801427229, 4.363474490967985, 1.8048449143883238, -0.20168875393055177, 0.0
1.0543000000000002, 0.0652272564146392, 1.1915589261407329, 0.47150188421931666, -0.04078216862946702, 0.0
0.546909999999998, -0.1533252206538726, 1.650045996508058, 0.5846118932257136, -0.15960418891816153, 0.0
0.8092500000000004, -0.17885577147274748, 0.13641475544952444, 0.07313248662762478, -0.5913213337129863, 0.0
1.3000000000000016, -0.43392533588248755, 0.28530632777857895, 0.1700164426336208, -1.089994435144029, 0.0
1.299999999999998, -0.17807073022443123, 2.7790088443116265, 0.6677064617877636, -0.014763874944489202, 0.0
0.7000499999999996, -0.1381724296446626, 0.3412895421438696, 0.1415784548235543, -0.23147213014324028, 0.0
1.3000000000000003, -0.0008876057058966494, 0.3239501886595987, 0.15627745786191383, -0.02622217326915206, 0.0
1.0485800000000005, -0.07670984080041589, 1.7459576762027627, 0.42834639849871003, -0.14718099985524816, 0.0
1.1286599999999989, -0.1801658061658279, 0.06527335315573898, 0.10577525150886996, -0.5932695753423131, 1.0
1.2964313236951481, -0.08427247379958104, 0.9217737836742408, 0.2853713536079357, -0.36688176399678435, 0.0
1.1792299999999998, -0.12510481602422838, 2.230082817869388, 0.8278343756508127, -0.15024034990515997, 0.0
1.3000000000000016, -0.239863380824092, 0.23782939002874154, 0.3871280105842155, -0.33428123992030495, 0.0
1.0543000000000002, 0.02770851032014529, 11.272455970696985, 1.8457477438137824, -0.002085716729288563, 0.0
1.2999999999999998, 0.10235053595116288, 0.35835106279306017, 0.15604110783807004, 0.26216909183052517, 0.0
1.177149999999996, -0.07442876197749186, 2.083307661135061, 0.6991544714906008, 0.08439580423916344, 0.0
1.1520600000000008, -0.11970363956788019, 0.2952709834369781, 0.2130937546611097, -0.26296844359441507, 0.0
0.9099999999999977, -0.1660968886886544, 0.7773361895364727, 0.4178553232608557, -0.2701730988202968, 0.0
0.8179600000000008, -0.20696529448828677, 0.3652592985735111, 0.17180452667565757, -0.3815024815876407, 0.0
0.30679999999999963, -0.06028409757538455, 0.15158359122921675, 0.12172301066792608, -0.13724214429368323, 1.0
1.2771200000000014, -0.11461909388337124, 0.31219167455268787, 0.17273091889947684, -0.09457917934019693, 0.0
1.1761100000000009, -0.3867157996935208, 2.0198363965044206, 0.6842741779137049, -0.37443122857340866, 0.0
0.8122400000000016, -0.3139735880216585, 3.860329515233417, 1.3768791841824515, -0.2647445354717171, 0.0
1.1761100000000009, -0.3867157996935208, 2.0198363965044206, 0.6842741779137049, -0.37443122857340866, 0.0
0.8132800000000008, -0.1369835126730434, 2.3717562802292744, 0.35436777193744734, -0.13648492993891578, 1.0
1.1793600000000015, 0.19979334072724586, 0.34618246380806866, 0.12109059270919004, 0.37029052928161205, 0.0
1.26724, -0.32563953174007293, 2.9363967182245894, 0.5139603820589664, -0.415658851192627, 0.0
0.15469999999999956, -0.02003695889710222, 0.0002281096351791612, 0.017035222222515977, -0.15360352859934828, 1.0
0.6302399999999985, 0.005760005414019786, 0.01857164356291729, 0.023482651238672367, 0.02178268096397578, 1.0
0.4400500000000021, -0.18290018195714372, 1.817297407833475, 0.6542573074540615, -0.18184571946589312, 0.0
1.1163100000000012, -0.5525391662330742, 4.995291793595669, 2.0128818001842013, -0.3117137421531187, 0.0
1.284233821707832, -0.30333912341862485, 1.6876593788801646, 0.29366089687015773, -0.46240561853607204, 1.0
1.248129999999999, -0.6333872090541621, 11.062196004513783, 3.082289011734576, -0.2013711650728071, 0.0
0.9172800000000018, -0.541030343895794, 6.086554786608389, 1.2165776470861216, -0.5482809272714753, 0.0
0.7800000000000038, -0.00813765219492162, 9.766306347414533, 2.203976029039379, -0.08291631664698684, 0.0
0.8106799999999995, 0.06103123928231332, 0.2675831095300126, 0.13678406095774784, 0.1655802802172815, 0.0
0.811200000000003, -0.06490806011839792, 1.643712476992903, 0.36888989188784227, -0.02514651946407826, 0.0
1.1473799999999994, 0.028096072207207102, 1.5069068875094558, 0.4598815782591456, 0.180996292848293, 0.0
1.1477700000000004, -0.447502630278385, 2.6280810687625276, 0.8330785683149944, -0.512271235827029, 0.0
0.7383999999999987, -0.08081765215556279, 0.5899711733309122, 0.34568227542966534, -0.08098648886048808, 0.0
1.3000000000000003, -0.1661644124414017, 2.299652307589813, 0.4517810904778821, 0.11051756570322896, 0.0
0.8490299999999981, -0.017975556966482415, 0.3726002882334364, 0.153517731070673, -0.07719944733528408, 0.0
1.2999999999999992, -0.22432915994945013, 2.3624343516659545, 0.8158472599318362, -0.1539113820711763, 0.0
1.1208599999999986, -0.3325879379238216, 1.8616388082366107, 0.5385634108544118, -0.3304263283091962, 0.0
0.09476999999999983, -0.014893072675163535, 0.00348767160068599, 0.027012445570393756, -0.09084095687771494, 1.0
1.0543000000000002, 0.0652272564146392, 1.1915589261407329, 0.47150188421931666, -0.04078216862946702, 0.0
1.3000000000000003, -0.1661644124414017, 2.299652307589813, 0.4517810904778821, 0.11051756570322896, 0.0
1.2490399999999984, -0.1641874532776285, 2.9816826622629464, 0.8006651741539248, -0.2525723268134752, 0.0
0.7800000000000038, -0.00813765219492162, 9.766306347414533, 2.203976029039379, -0.08291631664698684, 0.0
1.2999999999999992, 0.12058127687522231, 0.43003097246822286, 0.24434752483012467, 0.26274960232000066, 0.0
0.32135999999999953, -0.04530075663272297, 0.6445142290620792, 0.41067418149017376, -0.02466165783191508, 0.0
0.5426200000000005, -0.19677826960580144, 1.9223889727486008, 0.33502752884742315, -0.3529840616721195, 0.0
0.8147100000000015, -0.20477448392118158, 0.21718743204954255, 0.09943115278567313, -0.5502877491780297, 0.0
1.300000000000001, -0.0037362542372799137, 0.369684833565225, 0.18315633899966316, 0.009252038800297372, 0.0
1.1378867123617638, -0.47788243184089024, 1.7127263401906923, 0.4397050147558047, -0.4772664071364121, 0.0
1.3000000000000003, -0.35933284306502467, 2.3657549705325804, 0.9053452018765259, -0.17727882080633148, 0.0
0.5800600000000008, -0.02807474868298035, 0.21084059470147365, 0.09913324507738826, -0.07492829412188977, 0.0
1.0543000000000002, 0.02770851032014529, 11.272455970696985, 1.8457477438137824, -0.002085716729288563, 0.0
1.1785800000000024, -1.1238990266908686, 12.680407224283115, 2.4524804182180797, -0.655345293853277, 0.0
1.177410000000002, 0.14102408778853892, 0.5873218516743633, 0.1869183997695271, 0.42920293821852845, 0.0
0.3704999999999989, -0.03276163206775117, 0.13961950056219705, 0.14596426208524427, -0.09845457435413817, 1.0
0.8174400000000013, -0.27255001195178374, 1.0516377399025592, 0.4345544556650172, -0.41320214136091343, 0.0
0.9971000000000029, 0.003384227849025006, 1.8606553338911167, 0.47442356695413485, -0.13818746423610326, 0.0
0.5449599999999999, 0.006074826453392872, 0.18494223525749146, 0.10211574190582118, 0.007985423495912134, 0.0
1.2568400000000022, -0.6360898897754327, 1.2431275137924667, 0.4566080613134184, -0.820447184048424, 0.0
1.0003499999999974, -0.1234806886240083, 1.0287132978097788, 0.27332093789514866, -0.33163360991466717, 0.0
1.170000000000001, -0.5502169183573262, 6.0451982556644985, 1.610184075933839, -0.23016120653819372, 0.0
0.8174400000000013, -0.27255001195178374, 1.0516377399025592, 0.4345544556650172, -0.41320214136091343, 0.0
1.232660000000002, -0.1687153010306562, 0.6643506391935342, 0.21640841243891587, -0.21542068240838141, 0.0
1.2906400000000007, -0.5248081533000433, 0.4559557664747224, 0.4089780785755967, -0.6794767360916575, 0.0
0.779999999999998, -0.08402396073765074, 0.9567932975580031, 0.16707590106804304, -0.3434537607043053, 0.0
0.9204000000000001, -0.16577534931973248, 0.023354117560643064, 0.03903169007485623, -0.8573158429081751, 1.0
1.2825702710695595, -0.2242194619558101, 0.5217842609266075, 0.2854512775033198, -0.5390581603038689, 0.0
1.2116, -0.441935763479618, 2.1553418294683753, 1.0650235680408549, -0.3541526886085192, 0.0
0.7875400000000021, -0.4638386889149595, 7.393892243019403, 1.7716346758518646, -0.3751422666921397, 0.0
1.3000000000000036, -0.24363532369780047, 9.955570406786963, 3.6278169069069075, -0.15744029460429576, 0.0
0.8101599999999993, -0.40505757391865677, 2.494551287121531, 0.8131607006472713, -0.3562727314838522, 0.0
1.237989999999999, 0.0241517205430202, 1.3473180366876252, 0.7741502075224642, 0.06423595399676679, 0.0
1.0211635342202405, -0.11456259579812805, 1.9374130373353813, 0.5940484678319475, -0.05385636668270781, 0.0
1.3000000000000012, -0.2873373174631882, 7.631431354231587, 1.470021454341221, -0.2259228530028955, 0.0
1.2921999999999991, -0.22792774737133503, 2.2941141676441577, 0.8159090095355782, -0.1527254781096767, 0.0
1.1581700000000017, -0.0601977995372103, 0.056094591492688514, 0.12858825677122865, -0.09454609203865064, 1.0
1.0189400000000002, -0.22655923630898983, 0.6222638303106561, 0.1496699537392988, -0.5913624235108558, 0.0
1.1772800000000014, 0.43527628399916607, 1.3039583202235243, 0.4285944449076321, 0.6821330842289762, 0.0
0.7909199999999992, -0.03640557642782292, 0.3037145945501099, 0.11052632193255549, -0.06344528540799756, 0.0
0.9183199999999998, 0.01966550141980455, 0.23187719740274285, 0.10859360978911603, 0.05054504472831027, 0.0
0.23946000000000023, -0.05119669974697656, 0.10136283347817981, 0.07348744005634193, -0.18835993991592215, 1.0
1.3000000000000012, -0.2873373174631882, 7.631431354231587, 1.470021454341221, -0.2259228530028955, 0.0
1.277769999999998, -1.2150556197561777, 16.28623417506191, 6.1689198247349175, -0.6098601963649606, 0.0
0.8143200000000006, -0.16565345624881608, 0.07384487054153452, 0.06566599783746377, -0.6317451911418249, 1.0
1.0548199999999943, -0.4451890703192978, 14.471554513477443, 4.957109095548684, -0.20644416641779453, 0.0
0.5667999999999978, -0.14719624516332833, 6.294310125100252e-06, 0.06817859697040637, -0.5638077375737223, 1.0
1.2910299999999992, -0.29957996779816143, 1.9276375375196235, 0.3270337758341699, -0.5905906034819258, 0.0
1.2102999999999995, -0.21367625659122788, 0.14250608834807527, 0.048540820150908805, -1.0333551782668458, 1.0
0.88036, -0.32184868073343054, 1.2458349234556314, 0.4531479909174027, -0.40339186203017247, 0.0
0.3473599999999986, -0.08263909093562397, 0.06125842731677271, 0.08271098988836366, -0.26628218172748874, 1.0
1.2919399999999948, 0.6822994009665299, 2.261717411805292, 0.656298698852433, 0.8317733273475859, 0.0
0.11348999999999945, -0.014702183696915531, 0.0006621223797240763, 0.01744798346164173, -0.11154323331382367, 1.0
0.8096400000000051, -0.16531152942610366, 8.31235370685028, 2.9959327224433228, 0.0025059854199579374, 0.0
1.271919999999999, -1.0335369897843762, 7.844868881188112, 2.498410058828651, -0.738355070525526, 0.0
0.7876699999999992, -0.14218512165467054, 5.886144167108318, 1.7722587770667098, -0.10824920793775031, 0.0
0.8087979627025625, 0.06372543849673991, 1.1347119328863216, 0.29777033125048374, 0.18027556438527145, 0.0
0.16301999999999972, -0.006875954580823076, 0.031560586216486365, 0.04082769569593975, -0.030462616190762785, 1.0
1.1699999999999982, -0.9217019647710138, 4.362177868429687, 1.5056597239196106, -0.7967090731366102, 0.0
1.0511800000000013, 0.06017681485917491, 0.26117585090196727, 0.1160778042915599, 0.18125963727743305, 0.0
1.299999999999998, -0.17807073022443123, 2.7790088443116265, 0.6677064617877636, -0.014763874944489202, 0.0
0.7715286659123142, -0.004693927697721712, 1.0478811693974344, 0.24522561378368837, 0.11131979431469002, 0.0
1.2642500000000019, -0.05692569069449181, 13.711376715395065, 2.5949059525552784, 0.04500811143559336, 0.0
1.2825702710695595, -0.2242194619558101, 0.5217842609266075, 0.2854512775033198, -0.5390581603038689, 0.0
0.15002000000000112, -0.02938158098506856, 0.019098211516990624, 0.053611102826903075, -0.12456396351940344, 1.0
0.7800000000000008, -0.12258064179813238, 0.24396843222068704, 0.08094578946136238, -0.5481651777085483, 1.0
0.7586799999999996, -0.07522436731656015, 0.6441704653996441, 0.20997657041577958, -0.18726295320447858, 1.0
0.5290999999999998, -0.1444119690766355, 2.006264078494535, 0.45098437920489515, -0.16550515463524212, 0.0
0.9028500000000024, -0.006218738994570506, 8.773947396557194, 1.887627579940811, -0.22556900101741445, 0.0
1.170000000000001, -0.5502169183573262, 6.0451982556644985, 1.610184075933839, -0.23016120653819372, 0.0
1.2356499999999981, -0.15545335801647805, 2.0834416794510067, 0.8112892800770279, -0.09754481123952657, 0.0
1.0314200000000016, -0.7550090822850383, 9.5499215982812, 1.996155871801736, -0.49936464930315105, 0.0
0.8086000000000004, -0.623691884063939, 7.085559056384073, 1.8579995151887494, -0.4432936230273162, 0.0
0.25999999999999945, -0.00017581315832116237, 0.12983136404406534, 0.0717626149515098, -0.009695850792366383, 0.0
0.01976, -0.0012254703271946403, 0.002320993911986457, 0.005894742177034681, -0.016026036786073974, 1.0
0.9188400000000004, -0.47680080677390557, 6.5278525606028905, 1.6299294252009207, -0.2758469409826997, 0.0
0.031199999999999832, -0.0024319546505356194, 0.001828182319058333, 0.007838468311607463, -0.027608326187402266, 1.0
0.5445699999999994, -0.17848053499238958, 1.3272335149580534, 0.7830035134039409, -0.16842052692613904, 0.0
1.3000000000000036, -0.24363532369780047, 9.955570406786963, 3.6278169069069075, -0.15744029460429576, 0.0
1.1775400000000018, -1.3761016943177353, 21.53311686878837, 3.848878451882098, -0.605414185328652, 0.0
0.28079999999999894, -0.04592961561805933, 1.2902409068747806e-05, 0.0269223941886886, -0.2799235881587588, 1.0
1.2918099999999975, -0.9894460539152757, 6.841039022535077, 1.8923466157910567, -0.7933202362541334, 0.0
1.2730900000000005, -0.10220469852260378, 0.40959851578117923, 0.06759222997572756, -0.5119132548037841, 1.0
1.2836200000000044, -0.5340890814908755, 11.161126409443868, 4.48347750762711, -0.27851078755719644, 0.0
0.9283654667954795, -0.4944368642941012, 7.032285231160082, 1.176880773251098, -0.3393002536787777, 0.0
1.0924846904331174, 0.15696432888662973, 0.9459263988800349, 0.3862984011979718, 0.26214712430009907, 0.0
1.299999999999999, -0.0738082362384978, 0.046148765872222414, 0.10209024093798126, -0.13712755417822373, 0.0
0.8096400000000051, -0.16531152942610366, 8.31235370685028, 2.9959327224433228, 0.0025059854199579374, 0.0
1.2773799999999975, -0.705073822702445, 6.343987918217174, 1.8491625685301407, -0.6759364868421849, 0.0
0.5512000000000004, -0.028509155500193666, 0.040349910931486654, 0.12373119709683764, -0.05085155002975598, 0.0
0.5527599999999993, 0.0020479991299532613, 0.17454835648531233, 0.08251857031177742, -0.004759728809785873, 0.0
1.270360000000003, -0.02429524728550853, 16.16811027591928, 5.412231703913006, -0.09712213568562834, 0.0
0.9283654667954795, -0.4944368642941012, 7.032285231160082, 1.176880773251098, -0.3393002536787777, 0.0
1.3000000000000003, -1.1631442518698691, 21.671203336701193, 5.196173249893959, -0.6038783164448749, 0.0
1.2910299999999992, -0.1847711122250214, 0.40617817439356374, 0.21751427354343025, -0.33440571369025307, 0.0
0.9322299999999987, -0.045864981134110076, 13.204405605212095, 3.4613004530178517, 0.029389218046019315, 0.0
1.2490399999999984, -0.1641874532776285, 2.9816826622629464, 0.8006651741539248, -0.2525723268134752, 0.0
0.9025899999999999, 0.046473068502865145, 16.00786029790653, 2.7478568084075494, 0.025524119048268665, 0.0
1.14855, 0.0527818484873632, 0.3620025867126412, 0.15426762328160287, 0.08391107206208707, 0.0
0.30991999999999964, -0.013718518800344416, 0.11956864764400914, 0.06845913924738588, -0.04683767875560574, 0.0
1.2313600000000011, -0.46826797735970366, 0.3692269104554057, 0.632847558195, -0.5899812458302427, 0.0
0.8096400000000051, -0.16531152942610366, 8.31235370685028, 2.9959327224433228, 0.0025059854199579374, 0.0
1.3, -1.139843721943517, 6.842834277112019, 1.8474035614352688, -0.7908122708848593, 0.0
1.277769999999998, -1.2150556197561777, 16.28623417506191, 6.1689198247349175, -0.6098601963649606, 0.0
0.8106799999999993, -0.31046502245883656, 1.5305551715389172, 0.6915998059432491, -0.27276659243969364, 0.0
1.2910299999999992, -0.29957996779816143, 1.9276375375196235, 0.3270337758341699, -0.5905906034819258, 0.0
1.3000000000000125, 0.20512886734818736, 1.7155692010651604, 0.38735209894562006, 0.08821309222872589, 0.0
1.3, -0.17322225305988298, 0.5002699175023215, 0.4554762677296317, -0.3307754317323351, 0.0
1.2758199999999995, -1.3848790820964583, 12.980311545772311, 2.9689117403353658, -0.7623006610897402, 0.0
1.2272000000000007, -0.044671655845987764, 0.5736975140497662, 0.21748033322359622, -0.02616689619255757, 0.0
1.2950845979987247, -1.3767628524034277, 13.610537412870647, 3.0871045134698165, -0.736065333855527, 0.0
1.2571000000000032, -1.2377926861228006, 12.165498906297687, 3.262940103226049, -0.6356034875652372, 0.0
0.9028500000000024, -0.006218738994570506, 8.773947396557194, 1.887627579940811, -0.22556900101741445, 0.0
0.3028999999999984, -0.03735572513317165, 0.7863684973587577, 0.16950023108633477, -0.08945865484451161, 0.0
0.9021999999999997, -0.06793830551412178, 0.424055380505969, 0.18214687980058547, -0.042816754604118906, 0.0
1.1520600000000008, -0.11970363956788019, 0.2952709834369781, 0.2130937546611097, -0.26296844359441507, 0.0
0.6812000000000001, -0.34578032492648453, 1.6397755957794409, 0.5088518102089444, -0.4297705725126816, 0.0
1.0399999999999996, -0.4849791376092918, 2.6354779006908466, 1.249282150394856, -0.48048519730276906, 0.0
1.05638, -0.03809660774829104, 0.6204897808535824, 0.20131006685527034, -0.044163164511529344, 0.0
1.2506000000000015, -0.7515313206590034, 2.214317915105164, 1.625301715952574, -0.5306557988920252, 0.0
1.300000000000001, -1.0405106808415414, 6.17663629937854, 2.018485756759185, -0.8242182522215181, 0.0
1.2571000000000032, -1.2377926861228006, 12.165498906297687, 3.262940103226049, -0.6356034875652372, 0.0
1.1771500000000001, -0.4731923986305343, 5.129231392099668, 3.4702949052403422, -0.12106776152280797, 0.0
0.8117199999999987, -0.086505030259202, 0.3109212948643737, 0.15107783901379515, -0.22619676532665786, 0.0
1.2544999999999937, -0.7816666636385137, 6.469263464662569, 4.634027132263309, -0.26947781086340483, 0.0
1.2698400000000003, -1.0968761013714725, 16.16306690596262, 3.6398106614253027, -0.5081352671185614, 0.0
0.9294999999999974, 0.22196078882818562, 1.1940962206080399, 0.3123120623739316, 0.2188750498170253, 0.0
0.7799999999999981, -0.3451446392055342, 2.7309621130885198, 0.6740126531827241, -0.3688270347831051, 0.0
0.9100000000000033, -0.353633926118776, 7.682982484081943, 1.9667073198215885, -0.2539708120937474, 0.0
1.0324599999999997, -0.07650691298516668, 0.574683967593636, 0.2402118431356927, -0.08194007028535583, 0.0
1.2785500000000019, 0.13111424929559765, 6.1324009752272035, 2.7944279743668003, 0.059248288187096015, 0.0
1.2623000000000026, -1.5708720728291647, 19.05433920879087, 4.019332298521179, -0.6194599365889119, 0.0
0.5324799999999996, 0.017244330584611875, 1.8328861535557914, 0.45765251741033597, 0.0024659928984806147, 0.0
